id,name,sku,jan_code,weight,shape,material,unit_price,printing_cost,category,status,description,min_stock_alert,prefix,origin,variety,suffix,image_url
f7eae27b-e071-404b-b83d-5b21d0265adf,【ＮＢ】三重こしひかり,1164483,4.99E+12,5,RＺ,【ＳＦマットポリ】,58,0,bag,active,別注5K SFMﾎﾟﾘDH【ＮＢ】三重こしひかりRZ,100,,,こしひかり,,
9a8d7b04-9875-4ec5-9b9d-01405af99452,【ＮＢ】北海道ななつぼし,1149926,4.99E+12,5,RＺ,【ＳＦマットポリ】,58,0,bag,active,別注5K SFMﾎﾟﾘDH【ＮＢ】北海道ななつぼしRZ,100,,北海道,ななつぼし,,
994d4460-50f6-49cf-9e6a-f4c7ae923bca,【NB】富山県こしひかりＲ,1151675,4.99E+12,2,RＺ,【ＳＦマットポリ】,57,0,bag,active,●◆別注2K SFMﾎﾟﾘDH【ＮＢ】富山こしひかりRZ,100,,富山県,こしひかり,Ｒ,
553ed9f1-48bf-4536-9d4f-c47025132cfb,【NB】新潟県こしひかり,1149933,4.99E+12,2,RＺ,【ＳＦマットポリ】,57,0,bag,active,別注2K SFMﾎﾟﾘDH【ＮＢ】新潟こしひかりRZ,100,,新潟県,こしひかり,,
05b12d50-2d60-4496-b58c-162846d4ce52,【ＮＢ】滋賀県こしひかり,1149932,4.99E+12,2,RＺ,【ＳＦマットポリ】,57,0,bag,active,●◆別注2K SFMﾎﾟﾘDH【ＮＢ】滋賀こしひかりRZ,100,,滋賀県,こしひかり,,
017d9d03-35ec-4020-90b7-8402337e0521,【ＮＢ】秋田県あきたこまち,1155387,4.99E+12,2,RＺ,【ＳＦマットポリ】,57,0,bag,active,別注2K SFMﾎﾟﾘDH【ＮＢ】秋田あきたこまちRZ,100,,秋田県,あきたこまち,,
b766b879-280d-40e1-8dfa-046f220e53b3,【使用禁止】△シール大【家紋】３Ｋ特栽米・新潟県魚沼こしひかり,1198315,なし,3,単袋,【シール】上質,17.6,0,sticker,active,【使用禁止】△シール大【家紋】３Ｋ特栽米・新潟県魚沼こしひかり,100,【使用禁止】,新潟県,こしひかり,,
afbbade8-4d21-4483-8b23-d91bb0decf07,【使用禁止】△シール大【家紋】４Ｋ熊本森のくまさん,1201496,なし,4,単袋,【シール】上質,17.6,0,sticker,active,【使用禁止】△シール大【家紋】４Ｋ熊本森のくまさん,100,【使用禁止】,,森のくまさん,,
e1dd688e-dbef-44ae-bd87-8887ee5dae06,【使用禁止】△シール大【家紋】５Ｋ北海道ゆめぴりか,1040427,なし,5,単袋,【シール】上質,17.6,0,sticker,active,【使用禁止】△シール大【家紋】５Ｋ北海道ゆめぴりか,100,【使用禁止】,北海道,ゆめぴりか,,
da108fc6-2548-4c18-8f52-9bc1165aac08,【使用禁止】△シール大【家紋】５Ｋ島根県仁多米こしひかり,1201498,なし,5,単袋,【シール】上質,17.6,0,sticker,active,【使用禁止】△シール大【家紋】５Ｋ島根県仁多米こしひかり,100,【使用禁止】,島根県,こしひかり,,
02026e61-fefa-4e19-b402-cd573ce88739,【使用禁止】△シール大【家紋】５Ｋ新潟県こしひかり,1040422,なし,5,単袋,【シール】上質,17.6,0,sticker,active,【使用禁止】△シール大【家紋】５Ｋ新潟県こしひかり,100,【使用禁止】,新潟県,こしひかり,,
4fd19c8e-d760-4efe-8a9c-e6919252be2f,【使用禁止】△シール大【家紋】５Ｋ秋田県あきたこまち,1040428,なし,5,単袋,【シール】上質,17.6,0,sticker,active,【使用禁止】△シール大【家紋】５Ｋ秋田県あきたこまち,100,【使用禁止】,秋田県,あきたこまち,,
12c39301-9128-4bf7-8f69-1948d15917a7,【使用禁止】●シール中【ガイドライン表示・金澤さん】３Ｋ特栽米・新潟県魚沼こしひかり,1198700,なし,3,単袋,【シール】上質,14.3,0,sticker,active,【使用禁止】●シール中【ガイドライン表示・金澤さん】３Ｋ特栽米・新潟県魚沼こしひかり,100,【使用禁止】,新潟県,こしひかり,,
b1856b92-1382-470a-a60d-86aec9f3fc99,【使用禁止】●シール中【ガイドライン表示・高度クリーン】５ＫJAたきかわ指定北海道ななつぼし,1212348,なし,5,単袋,【シール】上質,14.3,0,sticker,active,【使用禁止】●シール中【ガイドライン表示・高度クリーン】５ＫJAたきかわ指定北海道ななつぼし,100,【使用禁止】,北海道,ななつぼし,,
d2415f2b-e628-4589-9bba-f3d827e6fd83,【使用禁止】●シール小【表示】３Ｋ無洗米・島根県仁多米こしひかり,1022593,なし,3,単袋,【シール】上質,8.8,0,sticker,active,【使用禁止】●シール小【表示】３Ｋ無洗米・島根県仁多米こしひかり,100,【使用禁止】,島根県,こしひかり,,
c05ebdc2-a1b3-4cc2-901a-7ab532ae16c6,【使用禁止】●シール小【表示】４Ｋ熊本森のくまさん,1201497,なし,4,単袋,【シール】上質,8.8,0,sticker,active,【使用禁止】●シール小【表示】４Ｋ熊本森のくまさん,100,【使用禁止】,,森のくまさん,,
a72b7263-bf15-4a20-a72e-72268c7a5209,【使用禁止】●シール小【表示】５Ｋ北海道ゆめぴりか,1022595,なし,5,単袋,【シール】上質,8.8,0,sticker,active,【使用禁止】●シール小【表示】５Ｋ北海道ゆめぴりか,100,【使用禁止】,北海道,ゆめぴりか,,
f109a11d-a2ac-42e1-aef6-b07626485e55,【使用禁止】●シール小【表示】５Ｋ島根県仁多米こしひかり,1201499,なし,5,単袋,【シール】上質,8.8,0,sticker,active,【使用禁止】●シール小【表示】５Ｋ島根県仁多米こしひかり,100,【使用禁止】,島根県,こしひかり,,
78ba1ff0-6ef7-4dac-b57c-87e39f029c77,【使用禁止】●シール小【表示】５Ｋ新潟県こしひかり,1040410,なし,5,単袋,【シール】上質,8.8,0,sticker,active,【使用禁止】●シール小【表示】５Ｋ新潟県こしひかり,100,【使用禁止】,新潟県,こしひかり,,
ae5c1ff4-2bf7-4a49-8885-bbdf28ba3a2f,【使用禁止】●シール小【表示】５Ｋ秋田県あきたこまち,1040413,なし,5,単袋,【シール】上質,8.8,0,sticker,active,【使用禁止】●シール小【表示】５Ｋ秋田県あきたこまち,100,【使用禁止】,秋田県,あきたこまち,,
48283aa3-8e98-4b77-93bd-ea271d5bc592,【使用禁止】●シール小【表示】５Ｋ魚沼こしひかり,1022594,なし,5,単袋,【シール】上質,8.8,0,sticker,active,【使用禁止】●シール小【表示】５Ｋ魚沼こしひかり,100,【使用禁止】,魚沼,こしひかり,,
96f14b68-fc86-49a1-9af9-ce16528845b9,【使用禁止】シール中【ガイドライン表示・高度クリーン】２ＫJAたきかわ指定北海道ななつぼし,1212349,なし,2,単袋,【シール】上質,14.3,0,sticker,active,【使用禁止】シール中【ガイドライン表示・高度クリーン】２ＫJAたきかわ指定北海道ななつぼし,100,【使用禁止】,北海道,ななつぼし,,
3dc5b852-9e2c-466e-9ec9-eb4972495008,【使用禁止】シール大【家紋】２Ｋ無洗米・魚沼こしひかり,80535,なし,2,単袋,【シール】上質,17.6,0,sticker,active,【使用禁止】シール大【家紋】２Ｋ無洗米・魚沼こしひかり,100,【使用禁止】,魚沼,こしひかり,,
366d3f75-9ab0-4c1f-82e5-c2f13ffb31aa,【使用禁止】シール小【表示】２Ｋ北海道ゆめぴりか,80536,なし,2,単袋,【シール】上質,8.8,0,sticker,active,【使用禁止】シール小【表示】２Ｋ北海道ゆめぴりか,100,【使用禁止】,北海道,ゆめぴりか,,
31d365b6-57eb-4936-94c9-c99e96c14b32,【使用禁止】シール小【表示】２Ｋ無洗米・魚沼こしひかり,80539,なし,2,単袋,【シール】上質,8.8,0,sticker,active,【使用禁止】シール小【表示】２Ｋ無洗米・魚沼こしひかり,100,【使用禁止】,魚沼,こしひかり,,
3fd9b6e0-f425-4738-90e1-35b65ad03a26,【改版】NO.596【３００ｇ】メッセージライス【精白米】スクリーンの米,1191210,-,0.3,単袋,【真空和紙レーヨン】窓無し,18,0,bag,inactive,【改版】NO.596【３００ｇ】メッセージライス【精白米】スクリーンの米,100,【改版】,,,,
7369bbec-e692-42e9-9b65-eaaf79851738,【改版】シール中【食味王・特別栽培米】１ｋ京都府京式部（ＪＡＮなし・ガイドラインあり）,1192710,なし,1,単袋,【シール】上質,14.3,0,sticker,active,【改版】シール中【食味王・特別栽培米】１ｋ京都府京式部（ＪＡＮなし・ガイドラインあり）,100,【改版】,京都府,,,
5e9a9642-c1b9-4035-b426-07b141588b73,【改版】シール大　２Ｋ【食味王・特栽米】京都府京式部（ＪＡＮなし・ガイドラインあり）,1191418,なし,2,単袋,【シール】上質,17.6,0,sticker,active,【改版】シール大　２Ｋ【食味王・特栽米】京都府京式部（ＪＡＮなし・ガイドラインあり）,100,【改版】,京都府,,,
be7a1e19-e24a-465f-ba7c-cf320d4e7ba7,【改版】シール大【家紋・ＪＡ庄内みどり】５Ｋ特栽米・山形つや姫,1021313,なし,5,単袋,【シール】上質,17.6,0,sticker,active,【改版】シール大【家紋・ＪＡ庄内みどり】５Ｋ特栽米・山形つや姫,100,【改版】,,つや姫,,
80d6ce33-cb98-4a0c-800b-574a27a2aa40,【改版】シール大【家紋・表示】２Ｋ北海道ゆめぴりか,79865,なし,2,単袋,【シール】上質,17.6,0,sticker,active,【改版】シール大【家紋・表示】２Ｋ北海道ゆめぴりか,100,【改版】,北海道,ゆめぴりか,,
8b5d0f48-fcf2-4a75-937d-2fbaaf4e04fc,【改版】シール大【家紋・表示】５Ｋ北海道ななつぼし,1175834,なし,5,単袋,【シール】上質,17.6,0,sticker,active,【改版】シール大【家紋・表示】５Ｋ北海道ななつぼし,100,【改版】,北海道,ななつぼし,,
7ef0797e-59a0-4715-8fa6-42854ac65989,【改版】シール大【食味王】1.5K熊本森のくまさん（ＪＡＮなし）,1244704,なし,1.5,単袋,【シール】上質,17.6,0,sticker,active,【改版】シール大【食味王】1.5K熊本森のくまさん（ＪＡＮなし）,100,【改版】,,森のくまさん,（ＪＡＮなし）,
36afe7c9-71c2-4b29-84c2-41863b3f3e59,【改版】シール大【食味王】２Ｋ石川県奥能登産こしひかり（ＪＡＮなし）,1240125,なし,2,単袋,【シール】上質,17.6,0,sticker,active,【改版】シール大【食味王】２Ｋ石川県奥能登産こしひかり（ＪＡＮなし）,100,【改版】,２Ｋ石川県奥能登,こしひかり,（ＪＡＮなし）,
ed3a452e-4c34-421f-8427-146488cac1e2,【改版】シール大【高度クリーン・ガイドライン・表示・脱酸素なし】５ＫＪＡたきかわ指定北海道ななつぼし,1212343,なし,5,単袋,【シール】上質,17.6,0,sticker,active,【改版】シール大【高度クリーン・ガイドライン・表示・脱酸素なし】５ＫＪＡたきかわ指定北海道ななつぼし,100,【改版】,北海道,ななつぼし,,
96a7f7f3-12a8-4d0a-8c2a-e53fab77c2ae,【改版】シール大【高度クリーン・ガイドライン・表示】２ＫJAたきかわ指定北海道ななつぼし,1212344,なし,2,単袋,【シール】上質,17.6,0,sticker,active,【改版】シール大【高度クリーン・ガイドライン・表示】２ＫJAたきかわ指定北海道ななつぼし,100,【改版】,北海道,ななつぼし,,
0f1cd44d-e05a-4135-bc7c-cde1b4061396,【改版】シール小【ダスキン表示】１Ｋ国内産,1243876,なし,1,単袋,【シール】上質,8.8,0,sticker,active,【改版】シール小【ダスキン表示】１Ｋ国内産,100,【改版】,１Ｋ国内,,,
6b039849-b98e-4994-a812-056416641090,【新版】NO.596【３００ｇ】メッセージライス　まぁるいマ米（藤交商事様分）,1261205,-,0.3,単袋,【真空和紙レーヨン】窓無し,18,0,bag,inactive,【新版】NO.596【３００ｇ】メッセージライス　まぁるいマ米（藤交商事様分）,100,【新版】,,,,
52a76ca7-e310-431c-a59a-1ad249246afa,【新版】シール中  300ｇ福井県しきゆたか（JA越前たけふ様）,1258918,なし,0.3,単袋,【シール】上質,14.3,0,sticker,active,【新版】シール中  300ｇ福井県しきゆたか（JA越前たけふ様）,100,【新版】,福井県,,,
06008bb1-7c65-459b-8407-957578c143e9,【新版】シール中  300ｇ福井県越南３１５号（JA越前たけふ様）,1258919,なし,0.3,単袋,【シール】上質,14.3,0,sticker,active,【新版】シール中  300ｇ福井県越南３１５号（JA越前たけふ様）,100,【新版】,福井県,,,
e56262a7-8b9d-46ba-8d6a-c9c4de6ef231,【新版】シール中【家紋・新米】１Ｋ福井県産華越前（表示あり）,1253318,なし,1,単袋,【シール】上質,14.3,0,sticker,active,【新版】シール中【家紋・新米】１Ｋ福井県産華越前（表示あり）,100,【新版】,１Ｋ福井県,,,
cb0ae85c-1af9-4ca3-93c0-41b2889c2e35,【新版】シール中【家紋】１Ｋ新潟県こしひかり【ＪＡＮなし】,1250387,なし,1,単袋,【シール】上質,14.3,0,sticker,active,【新版】シール中【家紋】１Ｋ新潟県こしひかり【ＪＡＮなし】,100,【新版】,新潟県,こしひかり,【ＪＡＮなし】,
15a7f2ec-45e7-4e85-b4bf-5af2602b876d,【新版】シール中【食味王・脱酸素剤】１Ｋ特栽米・兵庫県但馬こしひかり・コウノトリ育むお米,1251284,なし,1,単袋,【シール】上質,14.3,0,sticker,active,【新版】シール中【食味王・脱酸素剤】１Ｋ特栽米・兵庫県但馬こしひかり・コウノトリ育むお米,100,【新版】,兵庫県,こしひかり,コウノトリ育むお米,
b0461c84-86c4-49d6-9d1f-49ec52fc9554,【新版】シール中【食味王】１Ｋ三重県こしひかり（ＪＡＮなし）,1259965,なし,1,単袋,【シール】上質,14.3,0,sticker,active,【新版】シール中【食味王】１Ｋ三重県こしひかり（ＪＡＮなし）,100,【新版】,,こしひかり,（ＪＡＮなし）,
b606abec-5fb8-46b4-a373-7fcc95bc02b4,【新版】シール中【食味王】１Ｋ石川県奥能登産こしひかり【ＪＡＮなし】,1251123,なし,1,単袋,【シール】上質,14.3,0,sticker,active,【新版】シール中【食味王】１Ｋ石川県奥能登産こしひかり【ＪＡＮなし】,100,【新版】,１Ｋ石川県奥能登,こしひかり,【ＪＡＮなし】,
8640c32a-34fb-417e-9d16-b3e3fee4dfd8,【新版】シール中150ｇ京都府産きぬむすめ,1258070,なし,0.15,単袋,【シール】上質,14.3,0,sticker,active,【新版】シール中150ｇ京都府産きぬむすめ,100,【新版】,シール中150ｇ京都府,,,
73f66bea-b2fd-44c1-a2c2-a7758aff1cd6,【新版】シール中300G北海道ゆめぴりか【WHITYうめだ】,1260946,なし,0.3,単袋,【シール】上質,14.3,0,sticker,active,【新版】シール中300G北海道ゆめぴりか【WHITYうめだ】,100,【新版】,北海道,ゆめぴりか,【WHITYうめだ】,
70fe8b27-7e77-416a-9286-9d445d05a6aa,【新版】シール大　２Ｋ有機精米・兵庫県丹波産こしひかり,1259861,4.99E+12,2,単袋,【シール】上質,17.6,0,sticker,active,【新版】シール大　２Ｋ有機精米・兵庫県丹波産こしひかり,100,【新版】,兵庫県丹波,こしひかり,,
99fd8f3d-4a94-4f9a-ad2f-99f1247155aa,【新版】シール大　２Ｋ特栽米・石川県奥能登こしひかり,1260498,なし,2,単袋,【シール】上質,17.6,0,sticker,active,【新版】シール大　２Ｋ特栽米・石川県奥能登こしひかり,100,【新版】,石川県,こしひかり,,
91e173b0-3302-45e6-a515-5d341ea3720c,【新版】シール大【家紋・表示】２Ｋ北海道ななつぼし,1253485,なし,2,単袋,【シール】上質,17.6,0,sticker,active,【新版】シール大【家紋・表示】２Ｋ北海道ななつぼし,100,【新版】,北海道,ななつぼし,,
4110d878-8b66-4152-a0f8-0b59f9fd0d79,【新版】シール大【家紋・表示】３Ｋ宮城県ひとめぼれ,1250904,なし,3,単袋,【シール】上質,17.6,0,sticker,active,【新版】シール大【家紋・表示】３Ｋ宮城県ひとめぼれ,100,【新版】,宮城県,ひとめぼれ,,
c039c5d9-0ec1-4c74-a09f-f4da1f48fb99,【新版】シール大【家紋・表示】青森県青天の霹靂,1252614,なし,2,単袋,【シール】上質,17.6,0,sticker,active,【新版】シール大【家紋・表示】青森県青天の霹靂,100,【新版】,青森県,青天の霹靂,,
bc1759fc-cf39-4c40-9033-4167a92e7544,【新版】シール大【新米】２Ｋ高知南国そだち（ＪＡＮなし）,1252589,なし,2,単袋,【シール】上質,17.6,0,sticker,active,【新版】シール大【新米】２Ｋ高知南国そだち（ＪＡＮなし）,100,【新版】,,,,
468b479a-e398-4e92-85c6-04c307db920b,【新版】シール大【食味王】２Ｋ三重県こしひかり,1259964,なし,2,単袋,【シール】上質,17.6,0,sticker,active,【新版】シール大【食味王】２Ｋ三重県こしひかり,100,【新版】,,こしひかり,,
bc88148c-a665-4bb8-9bdc-49953cd58370,【新版】シール大【食味王】２Ｋ秋田県あきたこまち（ＪＡＮなし）,1252746,なし,2,単袋,【シール】上質,17.6,0,sticker,active,【新版】シール大【食味王】２Ｋ秋田県あきたこまち（ＪＡＮなし）,100,【新版】,秋田県,あきたこまち,（ＪＡＮなし）,
eb95cee8-e847-441d-a8d7-8f9c6f1702d4,【新版】シール大【食味王】５Ｋ石川県奥能登産こしひかり（ＪＡＮなし）,1250469,なし,5,単袋,【シール】上質,17.6,0,sticker,active,【新版】シール大【食味王】５Ｋ石川県奥能登産こしひかり（ＪＡＮなし）,100,【新版】,５Ｋ石川県奥能登,こしひかり,（ＪＡＮなし）,
d726020b-abab-480d-9b19-8087713c1516,【新版】シール大【高度クリーン・ガイドライン・表示・脱酸素なし】２ＫJAたきかわ指定北海道ななつぼし,1256031,なし,2,単袋,【シール】上質,17.6,0,sticker,active,【新版】シール大【高度クリーン・ガイドライン・表示・脱酸素なし】２ＫJAたきかわ指定北海道ななつぼし,100,【新版】,北海道,ななつぼし,,
cb3d026c-901a-4225-9ca7-632ed26cf6cb,【新版】シール小　NTT西日本ルセント様分,1258004,なし,,単袋,【シール】上質,8.8,0,sticker,active,【新版】シール小　NTT西日本ルセント様分,100,【新版】,,,,
1e802d5d-31d7-4187-a393-02e7ba960118,【新版】シール小【ダスキン表示】１.4Ｋ国内産,1255943,なし,1,単袋,【シール】上質,0,0,sticker,active,【新版】シール小【ダスキン表示】１.4Ｋ国内産,100,【新版】,１.4Ｋ国内,,,
82a715b7-5ef2-4954-a481-4aa12031ee99,【新版】丸型シール小　石川県能登地方復興応援こしひかり,1258049,なし,,単袋,【シール】上質,8,0,sticker,active,【新版】丸型シール小　石川県能登地方復興応援こしひかり,100,【新版】,石川県,こしひかり,,
f2f16cc1-d3b6-4771-b13a-e3c3e9656bf4,【新版】別注シール　京式部ガイドライン,1260040,なし,,単袋,【シール】上質,11.5,0,sticker,active,【新版】別注シール　京式部ガイドライン,100,【新版】,,,,
e89301c9-86b2-4d26-b45a-7542d4b4c0eb,【新米・万代ＰＢ】宮城ひとめぼれ（ベース1202002-7）,1212754,-,,その他,,71,10,new_rice,inactive,●◆（別注後刷）10KﾎﾟﾘﾎﾟﾘDH【新米・万代ＰＢ】宮城ひとめぼれ（ベース1202002-7）,100,,,ひとめぼれ,（ベース1202002-7）,
da75f32c-2965-4c19-bd52-1c7e72c44fd2,【新米】ＪＡ加美よつば宮城ひとめぼれ（万代PB）,1226051,4.99E+12,10,RＺ,【ポリポリ】,71,0,new_rice,active,●◆【新・兼版】別注10KﾎﾟﾘﾎﾟﾘDH【新米・万代ＰＢ】ＪＡ加美よつば宮城ひとめぼれRZ,100,,,ひとめぼれ,（万代PB）,
86537eaa-f905-48a4-92ba-5188a5e882a9,【新米】千葉県産ふさこがね,1252921,4.99E+12,5,RＺ,【ポリ】透明,44,0,new_rice,active,別注5K ﾎﾟﾘDH【新米】千葉県産ふさこがねRZ,100,,千葉県,,,
6f6a27d8-cc92-4c23-9172-320e8686aa9e,【新米】千葉県産ふさこがねSP,1252885,4.99E+12,5,RＺ,【ポリ】透明,61.5,0,new_rice,active,【新版】5K ﾎﾟﾘDH【新米】千葉県産ふさこがねRZＳＰ彩り七色新米,100,,千葉県,,,
3a014571-3f24-49bf-b550-ac66c86dc383,【新米】徳島県こしひかり,1031960,4.99E+12,10,RＺ,【ＳＦポリ】,62.5,0,new_rice,active,●◆別注10K SFﾎﾟﾘDH【新米】徳島こしひかりRZ,100,,徳島県,こしひかり,,
f95ff440-9ae4-4bc6-b951-62ef78dd6dcb,【新米】福井こしひかり,1163052,4.99E+12,10,RＺ,【ＳＦマットポリ】,63,0,new_rice,active,●◆別注10K SFMﾎﾟﾘDH【ＮＢ・新米】福井こしひかりRZ,100,,,こしひかり,,
dc51fa6d-6003-41a2-a146-715092d09dac,【新米】秋田あきたこまち,1164799,4.99E+12,10,RＺ,【ＳＦマットポリ】,63,0,new_rice,active,●◆別注10K SFMﾎﾟﾘDH【ＮＢ・新米】秋田あきたこまちRZ,100,,,あきたこまち,,
54942655-5981-4185-a08e-60f3b54c0096,【無洗米】山形はえぬき,1020438,4.99E+12,5,RＺ,【ポリポリ】,88,20,bag,active,●◆5KﾎﾟﾘﾎﾟﾘDH【無洗米】山形はえぬきRZ,100,,,はえぬき,,
d31cb167-99d5-4273-96b9-3fed72869bd2,【無洗米】滋賀県こしひかり,1206683,4.99E+12,2,RＺ,【ポリ】透明,42.5,0,bag,active,別注2K MﾎﾟﾘDH【無洗米】滋賀こしひかりRZ,100,,滋賀県,こしひかり,,
c13dae9e-5d83-4171-adf2-c6693ec78e3d,【玄米】新潟こしひかり,1038858,4.99E+12,2,RＺ,【ポリポリ】,61.55,0,bag,active,別注2KﾎﾟﾘﾎﾟﾘDHＴＳ【玄米】特栽米・新潟こしひかりRZ,100,,新潟,こしひかり,,
aa44eee2-db78-415c-b198-68f0422f7006,【玄米】秋田県あきたこまち,1120389,4.99E+12,2,RＺ,【ポリポリ】,54,0,bag,active,●◆別注2KﾎﾟﾘﾎﾟﾘDH【玄米】秋田あきたこまちRZ,100,,秋田県,あきたこまち,,
1d73ea9c-6cc5-4bac-8bd5-29716cb70837,【貼り賃】シール貼り賃【１枚（小シール）】１ｋ新潟こしひかり,1238087,なし,,その他,,8,0,sticker,active,【貼り賃】シール貼り賃【１枚（小シール）】１ｋ新潟こしひかり,100,,新潟,こしひかり,,
d568e8e1-bad1-4ece-8586-abf9c96ccbca,【貼り賃】シール貼り賃【１枚】,1241076,なし,,その他,,8,0,sticker,active,【貼り賃】シール貼り賃【１枚】,100,,,,,
aec6f30e-bac2-4263-a60b-90a83af856dd,【貼り賃】シール貼り賃【１枚】,1261047,なし,,その他,,8,0,sticker,active,【貼り賃】シール貼り賃【１枚】,100,,,,,
07619a39-2fa8-4058-a842-5e5fb714805b,【貼り賃】シール貼り賃【１枚】,1260843,なし,,その他,,8,0,sticker,active,【貼り賃】シール貼り賃【１枚】,100,,,,,
97d90916-8b1e-47e5-a49d-daacb8be91cf,【貼り賃】シール貼り賃【１枚】,1241079,なし,,その他,,8,0,sticker,active,【貼り賃】シール貼り賃【１枚】,100,,,,,
ffa2837a-b9ca-498d-9901-b7fe79d08180,【貼り賃】シール貼り賃【１枚】,1240553,なし,,その他,,9,0,sticker,active,【貼り賃】シール貼り賃【１枚】,100,,,,,
1c231db8-f006-4664-8fcd-2d509610b299,【貼り賃】シール貼り賃【２枚（大シール・中シール）】８ｋ国内産こしひかり,1232843,なし,,その他,,11,0,sticker,active,【貼り賃】シール貼り賃【２枚（大シール・中シール）】８ｋ国内産こしひかり,100,,８ｋ国内,こしひかり,,
107dfa81-3a66-4775-9ce1-6fcff444cc85,【黒】福井県こしひかり,1106955,4.99E+12,2,RＺ,【ＳＦポリ】,51.5,0,bag,active,別注2K SFﾎﾟﾘDH【黒】福井こしひかりRZ,100,,福井県,こしひかり,,
63173d5b-5a6f-4b74-b867-c61030b5ad91,【黒】福井県産こしひかり,1146936,4.99E+12,10,RＺ,【ＳＦポリ】,64.5,0,bag,active,別注10K SFﾎﾟﾘDH【黒】福井県こしひかりRZ,100,,福井県,こしひかり,,
f8076408-6876-46ee-ab65-5ddf40308035,△【新版】シール大　３Ｋあいちのかおり【陽娘】,1236383,-,3,単袋,【シール】上質,17.6,0,sticker,active,△【新版】シール大　３Ｋあいちのかおり【陽娘】,100,△,,,,
d0e4cd26-3c26-4ae2-b4cc-893fe0868bd8,△【新版】シール大【家紋・新米】５Ｋ高知県こしひかり,1229058,なし,5,単袋,【シール】上質,17.6,0,sticker,active,△【新版】シール大【家紋・新米】５Ｋ高知県こしひかり,100,△,高知県,こしひかり,,
488877f8-f85b-4e85-a120-24c0306d930d,△【新版】シール大【家紋】５Ｋ京の豆っこ米こしひかり（京都府与謝野町産こしひかり）,1242848,なし,5,単袋,【シール】上質,17.6,0,sticker,active,△【新版】シール大【家紋】５Ｋ京の豆っこ米こしひかり（京都府与謝野町産こしひかり）,100,△,５Ｋ京の豆っこ米こしひかり（京都府与謝野町,こしひかり,（京都府与謝野町産こしひかり）,
c0593a1b-a220-4615-8c8c-1a101166a4a5,△【新版】シール大【家紋】５Ｋ青森県はれわたり,1228161,なし,5,単袋,【シール】上質,17.6,0,sticker,active,△【新版】シール大【家紋】５Ｋ青森県はれわたり,100,△,青森県,はれわたり,,
a8347935-1f7d-43d2-bf32-ab3fcb91b221,△【新版】シール小【ガイドライン】特別栽培米【ちくさの舞】兵庫県宍粟市こしひかり,1216571,なし,1,単袋,【シール】上質,8.8,0,sticker,active,△【新版】シール小【ガイドライン】特別栽培米【ちくさの舞】兵庫県宍粟市こしひかり,100,△,兵庫県,こしひかり,,
31870456-47c5-4ad8-b3fd-afb81fa97b5d,△【新版】シール小【ガイドライン】特栽山形県つや姫,1219883,なし,1,単袋,【シール】上質,8.8,0,sticker,active,△【新版】シール小【ガイドライン】特栽山形県つや姫,100,△,山形県,つや姫,,
8a830137-bdad-4785-b3a7-1bdf4c9c2d79,△【新版】シール小【ガイドライン】特栽米・新潟県佐渡産こしひかり,1239547,なし,2,単袋,【シール】上質,8.8,0,sticker,active,△【新版】シール小【ガイドライン】特栽米・新潟県佐渡産こしひかり,100,△,新潟県佐渡,こしひかり,,
012628bf-d749-4b0d-88c4-d8210ec5235c,△【新版】シール小【食味王ガイドライン】特栽・福井県ＪＡ越前たけふこしひかり,1222501,なし,2,単袋,【シール】上質,8.8,0,sticker,active,△【新版】シール小【食味王ガイドライン】特栽・福井県ＪＡ越前たけふこしひかり,100,△,福井県,こしひかり,,
f15d0228-d3aa-4ade-bbed-949b1b671ee0,△【新版】別注シール【家紋】４ｋ無洗米・新潟県魚沼こしひかり,1233884,なし,4,単袋,【シール】上質,58.5,0,sticker,active,△【新版】別注シール【家紋】４ｋ無洗米・新潟県魚沼こしひかり,100,△,新潟県,こしひかり,,
f5b903b6-8a37-4429-a129-8e19be2f36a4,△【新版】別注シールエディオン・100満ボルト・象印ロゴ（84×54MM),1225594,なし,,単袋,【シール】上質,19,0,sticker,active,△【新版】別注シールエディオン・100満ボルト・象印ロゴ（84×54MM),100,△,,,,
a1c822c0-d094-481b-b660-c381c80f66c3,△シール中　１Ｋ新潟県魚沼こしひかり（アピデ様）,1080057,なし,1,単袋,【シール】上質,14.3,0,sticker,active,△シール中　１Ｋ新潟県魚沼こしひかり（アピデ様）,100,△,新潟県,こしひかり,（アピデ様）,
d2e50e73-a7c2-47c1-bb74-bedf193ca31f,△シール大　1.3Ｋ　新潟県魚沼こしひかり（アピデ様）,1080059,なし,1.3,単袋,【シール】上質,17.6,0,sticker,active,△シール大　1.3Ｋ　新潟県魚沼こしひかり（アピデ様）,100,△,新潟県,こしひかり,（アピデ様）,
b410ffd7-04cf-41e2-ba05-8dc13979844c,△シール大　２Ｋ有機栽培米・滋賀こしひかり,1099720,なし,2,単袋,【シール】上質,17.6,0,sticker,active,△シール大　２Ｋ有機栽培米・滋賀こしひかり,100,△,,こしひかり,,
4087cbb6-6104-4999-b543-1b71893b1a14,△シール大　２Ｋ有機栽培米・滋賀県ミルキークイーン,1098698,なし,2,単袋,【シール】上質,17.6,0,sticker,active,△シール大　２Ｋ有機栽培米・滋賀県ミルキークイーン,100,△,滋賀県,ミルキークイーン,,
abc79389-493f-4d4a-aebf-578beffde5a4,△シール大　３Ｋ新潟県魚沼こしひかり（アピデ様）,1080065,なし,3,単袋,【シール】上質,17.6,0,sticker,active,△シール大　３Ｋ新潟県魚沼こしひかり（アピデ様）,100,△,新潟県,こしひかり,（アピデ様）,
1d4c39a5-97db-40d6-a89b-2dcca4874bae,△シール大　４Ｋあいちのかおり【陽娘】,1184643,-,4,単袋,【シール】上質,17.6,0,sticker,active,△シール大　４Ｋあいちのかおり【陽娘】,100,△,,,,
46935457-192f-4696-a28a-ca1ded8c22ac,△シール大　４Ｋ新潟県魚沼こしひかり（アピデ様）,1080067,なし,4,単袋,【シール】上質,17.6,0,sticker,active,△シール大　４Ｋ新潟県魚沼こしひかり（アピデ様）,100,△,新潟県,こしひかり,（アピデ様）,
43a3d35d-0cf8-49fa-9287-f2b0682d370d,△シール大　５Ｋあいちのかおり【陽娘】,1163083,-,5,単袋,【シール】上質,17.6,0,sticker,active,△シール大　５Ｋあいちのかおり【陽娘】,100,△,,,,
1fff3c2b-e6d3-4d13-beb0-42949549b00c,△シール大　５Ｋ魚沼こしひかり（アピデ様）,1080069,なし,5,単袋,【シール】上質,17.6,0,sticker,active,△シール大　５Ｋ魚沼こしひかり（アピデ様）,100,△,魚沼,こしひかり,（アピデ様）,
790914f1-0998-41cd-9451-879d9d16d66e,△シール大【家紋】２Ｋ京都ひのひかり（ＪＡ京都やましろ指定）,1170330,なし,2,単袋,【シール】上質,17.6,0,sticker,active,△シール大【家紋】２Ｋ京都ひのひかり（ＪＡ京都やましろ指定）,100,△,京都,ひのひかり,（ＪＡ京都やましろ指定）,
a33dd10c-621d-4005-9769-08f9bb21e160,△シール大【家紋】２Ｋ有機栽培米・兵庫県丹波ひかみこしひかり,1080750,なし,2,単袋,【シール】上質,17.6,0,sticker,active,△シール大【家紋】２Ｋ有機栽培米・兵庫県丹波ひかみこしひかり,100,△,兵庫県,こしひかり,,
cb09ed49-5ea6-43e2-a964-b22d11e36241,△シール大【家紋】３Ｋ新潟県魚沼こしひかり,1198312,なし,3,単袋,【シール】上質,17.6,0,sticker,active,△シール大【家紋】３Ｋ新潟県魚沼こしひかり,100,△,新潟県,こしひかり,,
bc1cccad-03b5-46e1-9526-02ed93dd279f,△シール大【家紋】４Ｋ特栽米・新潟県魚沼こしひかり,1198316,なし,4,単袋,【シール】上質,17.6,0,sticker,active,△シール大【家紋】４Ｋ特栽米・新潟県魚沼こしひかり,100,△,新潟県,こしひかり,,
4fd98095-a6ca-475c-ba13-c22f665e8fc1,△シール大【家紋】５Ｋ埼玉県こしひかり,1195653,なし,5,単袋,【シール】上質,17.6,0,sticker,active,△シール大【家紋】５Ｋ埼玉県こしひかり,100,△,,こしひかり,,
0ec94bd6-ef92-45b0-a995-e3ba01071304,△シール大【家紋】５Ｋ宮城県ひとめぼれ,1102808,なし,5,単袋,【シール】上質,17.6,0,sticker,active,△シール大【家紋】５Ｋ宮城県ひとめぼれ,100,△,宮城県,ひとめぼれ,,
453710d5-6580-417f-9242-d04c70c5ce4a,△シール大【家紋】５Ｋ新潟県魚沼こしひかり,1040424,なし,5,単袋,【シール】上質,17.6,0,sticker,active,△シール大【家紋】５Ｋ新潟県魚沼こしひかり,100,△,新潟県,こしひかり,,
ff5b0309-00ae-4c73-a467-075bce255355,△シール大【家紋】５Ｋ熊本県森のくまさん,1116472,なし,5,単袋,【シール】上質,17.6,0,sticker,active,△シール大【家紋】５Ｋ熊本県森のくまさん,100,△,熊本県,森のくまさん,,
1f8c0c0f-e518-42b1-beb1-d9d372ba2859,△シール大【家紋】５Ｋ石川ひゃくまん穀,1231018,なし,5,単袋,【シール】上質,17.6,0,sticker,active,△シール大【家紋】５Ｋ石川ひゃくまん穀,100,△,,,,
08dec71b-f1b3-4197-b531-21d510d16505,△シール大【高度クリーン】２ＫJAたきかわ指定北海道ゆめぴりか,1212345,なし,2,単袋,【シール】上質,17.6,0,sticker,active,△シール大【高度クリーン】２ＫJAたきかわ指定北海道ゆめぴりか,100,△,北海道,ゆめぴりか,,
7eb49edf-3997-496f-8e9c-da8fa2c32eba,△シール大【高度クリーン】５Ｋ　ＪＡたきかわ指定・北海道ゆめぴりか,1212346,なし,5,単袋,【シール】上質,17.6,0,sticker,active,△シール大【高度クリーン】５Ｋ　ＪＡたきかわ指定・北海道ゆめぴりか,100,△,北海道,ゆめぴりか,,
984ea4bd-eaea-4629-a6b9-a122cfc29500,△シール大2.5Ｋ新潟県魚沼こしひかり（アピデ様）,1080063,なし,2.5,単袋,【シール】上質,17.6,0,sticker,active,△シール大2.5Ｋ新潟県魚沼こしひかり（アピデ様）,100,△,新潟県,こしひかり,（アピデ様）,
d4597a57-1945-48ed-a2d3-6b10c0b7811e,△シール大８Ｋ国内産こしひかり,1232572,なし,8,単袋,【シール】上質,17.6,0,sticker,active,△シール大８Ｋ国内産こしひかり,100,△,シール大８Ｋ国内,こしひかり,,
901c72ff-0e27-4ed2-8677-06814f576f5f,△シール小【ガイドライン】特栽米・秋田県大潟村あきたこまち（１・２Ｋ兼用）,1028119,なし,,単袋,【シール】上質,8.8,0,sticker,active,△シール小【ガイドライン】特栽米・秋田県大潟村あきたこまち（１・２Ｋ兼用）,100,△,秋田県,あきたこまち,（１・２Ｋ兼用）,
50d1fd27-a99d-4849-8c23-a5496aaf1e12,△シール小【ガイドライン】特栽米・青森県青天の霹靂（ＪＡＮなし）,1191417,なし,2,単袋,【シール】上質,8.8,0,sticker,active,△シール小【ガイドライン】特栽米・青森県青天の霹靂（ＪＡＮなし）,100,△,青森県,青天の霹靂,（ＪＡＮなし）,
2b4375a0-bd0f-47d9-b192-19cd843b7e08,△シール小【ガイドライン】雪室貯蔵米・北海道ゆめぴりか,1159781,なし,1,単袋,【シール】上質,8.8,0,sticker,active,△シール小【ガイドライン】雪室貯蔵米・北海道ゆめぴりか,100,△,北海道,ゆめぴりか,,
4c6c87a3-f64c-4b16-bc0e-57a5747d68a7,△シール小【食味王ガイドライン】特栽米・新潟県ＪＡ北越後こしひかり（１・２Ｋ兼用）,1028118,なし,2,単袋,【シール】上質,8.8,0,sticker,active,△シール小【食味王ガイドライン】特栽米・新潟県ＪＡ北越後こしひかり（１・２Ｋ兼用）,100,△,新潟県,こしひかり,（１・２Ｋ兼用）,
73021bea-38fa-4c2f-9fb1-d60edd117ccf,△小袋シール（正方形）金賞健康米の新春キャンペーン,1222278,なし,,単袋,【シール】上質,15,0,sticker,active,△小袋シール（正方形）金賞健康米の新春キャンペーン,100,△,,,,
8fc6e0ab-1dbc-4779-9854-d58e709a66c9,●（ロゴ無）5KｿﾌｸﾗSつながるおこめRZＳＰソフクラ無地,1170638,4.99E+12,5,RＺ,【ソフクラ】窓有り,166,0,bag,inactive,●（ロゴ無）5KｿﾌｸﾗSつながるおこめRZＳＰソフクラ無地,100,●,,,,
7cf70208-578f-4a02-b16c-3f7be8744992,●【改版（品種等変更）】シール小１Ｋ（表示）福井県いちほまれ（ダスキン用）,1219869,なし,1,単袋,【シール】上質,8.8,0,sticker,active,●【改版（品種等変更）】シール小１Ｋ（表示）福井県いちほまれ（ダスキン用）,100,●,福井県,いちほまれ,（ダスキン用）,
e551bec6-d7cd-45ae-82c9-6b8b20355ec7,●【改版】シール大【食味王】２Ｋ宮城県だて正夢（ＪＡＮなし）,1139843,なし,2,単袋,【シール】上質,16,0,sticker,active,●【改版】シール大【食味王】２Ｋ宮城県だて正夢（ＪＡＮなし）,100,●【改版】,宮城県,,,
b20748cb-93f7-4b9e-92d0-93b0fa0d6c69,●【改版】シール大【食味王】２Ｋ滋賀県みずかがみ（ＪＡＮなし）,1089948,なし,2,単袋,【シール】上質,17.6,0,sticker,active,●【改版】シール大【食味王】２Ｋ滋賀県みずかがみ（ＪＡＮなし）,100,●【改版】,滋賀県,,,
6559ccb3-8627-42dd-9918-ce435163d40a,●【改版】シール小【ダスキン表示】１Ｋ香川おいでまい,1226856,なし,1,単袋,【シール】上質,8.8,0,sticker,active,●【改版】シール小【ダスキン表示】１Ｋ香川おいでまい,100,●【改版】,,,,
d2a8fe21-91e0-49ad-b685-ac9bf441bf54,●【改版】シール小1.2K【ダスキン表示】青森県青天の霹靂,1226855,なし,1.2,単袋,【シール】上質,8.8,0,sticker,active,●【改版】シール小1.2K【ダスキン表示】青森県青天の霹靂,100,●【改版】,青森県,青天の霹靂,,
f04339f0-0c95-4b82-bfe9-19972b531ed9,●【改版】シール小1.4K【ダスキン・表示】秋田県あきたこまち,1229383,なし,1.4,単袋,【シール】上質,0,0,sticker,active,●【改版】シール小1.4K【ダスキン・表示】秋田県あきたこまち,100,●【改版】,秋田県,あきたこまち,,
cfe247c6-9d33-4f3b-89d8-71580485e350,●【改版】別注シール【家紋】３Ｋ無洗米・島根県仁多米こしひかり,1022509,なし,3,単袋,【シール】上質,58.5,0,sticker,active,●【改版】別注シール【家紋】３Ｋ無洗米・島根県仁多米こしひかり,100,●【改版】,島根県,こしひかり,,
c4ff2db0-5e47-4394-a3fb-c2333c40b4b9,●【新版】NO.596【３００ｇ】メッセージライス秋田県あきたこまち（渋谷スクランブルスクエアテナント会,1214371,-,0.3,単袋,【真空和紙レーヨン】窓無し,16,0,bag,inactive,●【新版】NO.596【３００ｇ】メッセージライス秋田県あきたこまち（渋谷スクランブルスクエアテナント会,100,●【新版】,秋田県,あきたこまち,（渋谷スクランブルスクエアテナント会,
ad3b33a4-1cdb-4002-a11e-5503aeedd830,●【新版】NO.596【３００ｇ】メッセージライス長野県上伊那こしひかり（KOA株式会社様分）,1214034,-,0.3,単袋,【真空和紙レーヨン】窓無し,16,0,bag,inactive,●【新版】NO.596【３００ｇ】メッセージライス長野県上伊那こしひかり（KOA株式会社様分）,100,●【新版】,長野県,こしひかり,（KOA株式会社様分）,
e7c6d1a6-aa7e-42f0-aa2b-46d00960f4b5,●【新版】シール中　【味の素様分】３００ｇ宮城だて正夢,1213434,なし,0.3,単袋,【シール】上質,14.3,0,sticker,active,●【新版】シール中　【味の素様分】３００ｇ宮城だて正夢,100,●【新版】,,,,
527238b1-5ecb-4c0b-8e82-22add3771fa5,●【新版】シール中　【味の素様分】３００ｇ山形つや姫,1213431,なし,0.3,単袋,【シール】上質,14.3,0,sticker,active,●【新版】シール中　【味の素様分】３００ｇ山形つや姫,100,●【新版】,,つや姫,,
fd554517-44c7-4fd1-8abc-36f6531e4a3e,●【新版】シール中　【味の素様分】３００ｇ岩手銀河のしずく,1213433,なし,0.3,単袋,【シール】上質,14.3,0,sticker,active,●【新版】シール中　【味の素様分】３００ｇ岩手銀河のしずく,100,●【新版】,,,,
ea02b013-1f7b-4ef1-b941-48fbc77382aa,●【新版】シール中　【味の素様分】３００ｇ福島こしひかり,1213464,なし,0.3,単袋,【シール】上質,14.3,0,sticker,active,●【新版】シール中　【味の素様分】３００ｇ福島こしひかり,100,●【新版】,,こしひかり,,
9963dec4-8466-4d61-8d4a-fa6b9284f231,●【新版】シール中　【味の素様分】３００ｇ秋田あきたこまち,1213429,なし,0.3,単袋,【シール】上質,14.3,0,sticker,active,●【新版】シール中　【味の素様分】３００ｇ秋田あきたこまち,100,●【新版】,,あきたこまち,,
480e208f-4cf3-4b64-be25-a465a72e3366,●【新版】シール中　【味の素様分】３００ｇ青森青天の霹靂,1213463,なし,0.3,単袋,【シール】上質,14.3,0,sticker,active,●【新版】シール中　【味の素様分】３００ｇ青森青天の霹靂,100,●【新版】,青森,青天の霹靂,,
d6a8aac4-0722-46c2-a741-a7debcb6025b,●【新版】シール中　３００ｇ【GLBBJAPAN】新潟県こしひかり,1226944,なし,0.3,単袋,【シール】上質,14.3,0,sticker,active,●【新版】シール中　３００ｇ【GLBBJAPAN】新潟県こしひかり,100,●【新版】,新潟県,こしひかり,,
ee330f4e-82d6-4f72-bd27-9854382219f4,●【新版】シール中　３００ｇ記念品　新潟魚沼こしひかり【ティジー株式会社】,1227303,なし,0.3,単袋,【シール】上質,14.3,0,sticker,active,●【新版】シール中　３００ｇ記念品　新潟魚沼こしひかり【ティジー株式会社】,100,●【新版】,新潟,こしひかり,【ティジー株式会社】,
02b6eb3e-3a02-4048-a9b8-fbf59c01dacc,●【新版】シール中【うれしいギフト】１Ｋ北海道ゆめぴりか（ＪＡＮなし）,1238765,なし,1,単袋,【シール】上質,14.3,0,sticker,active,●【新版】シール中【うれしいギフト】１Ｋ北海道ゆめぴりか（ＪＡＮなし）,100,●【新版】,北海道,ゆめぴりか,（ＪＡＮなし）,
406f1c9b-7309-448f-92a8-bc048923d4cb,●【新版】シール中【ガイドライン表示・ファーマー】２Ｋ特栽・石川県奥能登棚田米こしひかり,1236917,なし,2,単袋,【シール】上質,14.3,0,sticker,active,●【新版】シール中【ガイドライン表示・ファーマー】２Ｋ特栽・石川県奥能登棚田米こしひかり,100,●【新版】,石川県,こしひかり,,
38c2103a-3191-4a06-bcd7-5e75ccbf01c1,●【新版】シール中【家紋】450ｇ福井県産華越前（表示あり）,1234072,なし,0.45,単袋,【シール】上質,14.3,0,sticker,active,●【新版】シール中【家紋】450ｇ福井県産華越前（表示あり）,100,●【新版】,450ｇ福井県,,,
9c5904c0-c678-4802-bf67-516ebc9f246e,●【新版】シール中【表示・ガイドライン】300G特別栽培米京都府やましろの恵（販売者：京都やましろ）,1215985,なし,0.3,単袋,【シール】上質,14.3,0,sticker,active,●【新版】シール中【表示・ガイドライン】300G特別栽培米京都府やましろの恵（販売者：京都やましろ）,100,●【新版】,京都府,,,
08059fb8-c8bf-404e-91c9-eb82d71000aa,●【新版】シール中【食味王・脱酸素剤】１Ｋ奈良ヒノヒカリ（ＪＡＮなし）,1228239,なし,1,単袋,【シール】上質,14.3,0,sticker,active,●【新版】シール中【食味王・脱酸素剤】１Ｋ奈良ヒノヒカリ（ＪＡＮなし）,100,●【新版】,,,,
cddf63a4-4c29-4b38-b7e9-7602bd6e5c0b,●【新版】シール中【食味王・脱酸素剤】１Ｋ山形つや姫（ＪＡＮなし）,1225010,なし,1,単袋,【シール】上質,14.3,0,sticker,active,●【新版】シール中【食味王・脱酸素剤】１Ｋ山形つや姫（ＪＡＮなし）,100,●【新版】,,つや姫,（ＪＡＮなし）,
e31bd3bb-ec6c-4404-8fa9-a199b2f3b5c2,●【新版】シール中【食味王ＪＡＮ】１Ｋ特栽米・秋田県大潟村あきたこまち,1222115,4.99E+12,1,単袋,【シール】上質,14.3,0,sticker,active,●【新版】シール中【食味王ＪＡＮ】１Ｋ特栽米・秋田県大潟村あきたこまち,100,●【新版】,秋田県,あきたこまち,,
87b29edb-8376-4d0a-bd5d-99d03339fd79,●【新版】シール大【ライフフーズ】１Ｋ愛知県あいちのかおり,1233233,なし,1,単袋,【シール】上質,17.6,0,sticker,active,●【新版】シール大【ライフフーズ】１Ｋ愛知県あいちのかおり,100,●【新版】,,,,
9a1c3271-6a2e-4bc1-864f-bd760f6bd017,●【新版】シール大【家紋・ガイド表示・おきたま産】５Ｋ特栽米・山形つや姫,1245345,なし,5,単袋,【シール】上質,17.6,0,sticker,active,●【新版】シール大【家紋・ガイド表示・おきたま産】５Ｋ特栽米・山形つや姫,100,●【新版】,おきたま,つや姫,,
3ce5761a-f65c-4a26-a617-f45ecdb39668,●【新版】シール大【家紋・ガイド表示】３Ｋ特栽米・福井こしひかり,1244584,なし,3,単袋,【シール】上質,17.6,0,sticker,active,●【新版】シール大【家紋・ガイド表示】３Ｋ特栽米・福井こしひかり,100,●【新版】,,こしひかり,,
7e60d9aa-0291-433d-9478-84540032955d,●【新版】シール大【家紋・一括表示あり・脱酸素剤】２Ｋ有機栽培米・宮城県ひとめぼれ,1247193,なし,2,単袋,【シール】上質,17.6,0,sticker,active,●【新版】シール大【家紋・一括表示あり・脱酸素剤】２Ｋ有機栽培米・宮城県ひとめぼれ,100,●【新版】,宮城県,ひとめぼれ,,
4b00857b-0e24-4e58-89fe-d9dcad8fad63,●【新版】シール大【家紋・表示】２Ｋ香川姫ごのみ,1244594,なし,2,単袋,【シール】上質,17.6,0,sticker,active,●【新版】シール大【家紋・表示】２Ｋ香川姫ごのみ,100,●【新版】,,,,
e834c900-3fca-4fc4-84fb-4450c6972ba3,●【新版】シール大【家紋・表示】５Ｋ北海道ゆめぴりか,1245344,なし,5,単袋,【シール】上質,17.6,0,sticker,active,●【新版】シール大【家紋・表示】５Ｋ北海道ゆめぴりか,100,●【新版】,北海道,ゆめぴりか,,
210adabf-6ef0-4801-ae28-279cab47c0a9,●【新版】シール大【家紋・表示】５Ｋ秋田あきたこまち,1245346,なし,5,単袋,【シール】上質,17.6,0,sticker,active,●【新版】シール大【家紋・表示】５Ｋ秋田あきたこまち,100,●【新版】,,あきたこまち,,
8484ae8d-f526-40ec-9c07-7574a808f077,●【新版】シール大【家紋・表示】５Ｋ香川姫ごのみ,1244598,なし,5,単袋,【シール】上質,17.6,0,sticker,active,●【新版】シール大【家紋・表示】５Ｋ香川姫ごのみ,100,●【新版】,,,,
67a60155-d009-492c-8c2f-4f60e18d766c,●【新版】シール大【家紋・表示】５Ｋ魚沼こしひかり,1245342,なし,5,単袋,【シール】上質,17.6,0,sticker,active,●【新版】シール大【家紋・表示】５Ｋ魚沼こしひかり,100,●【新版】,魚沼,こしひかり,,
2be50dbc-dfde-4b3a-b815-e53899dca3bc,●【新版】シール大【家紋・表示あり】５Ｋ島根県仁多米こしひかり,1246064,なし,5,単袋,【シール】上質,17.6,0,sticker,active,●【新版】シール大【家紋・表示あり】５Ｋ島根県仁多米こしひかり,100,●【新版】,島根県,こしひかり,,
f442d038-306d-43a2-bb07-4406cacf7c86,●【新版】シール大【家紋】１Ｋ福井県産華越前（表示あり）,1234076,なし,1,単袋,【シール】上質,17.6,0,sticker,active,●【新版】シール大【家紋】１Ｋ福井県産華越前（表示あり）,100,●【新版】,１Ｋ福井県,,,
f8accd23-af05-4b5b-bd88-f2ec0658c30a,●【新版】シール大【有機】２ｋ石坂さんの北海道旭川ゆめぴりか,1233867,なし,,単袋,【シール】上質,17.6,0,sticker,active,●【新版】シール大【有機】２ｋ石坂さんの北海道旭川ゆめぴりか,100,●【新版】,北海道,ゆめぴりか,,
a0c1130b-a92e-4419-b6c0-a5cbb2544d16,●【新版】シール大【金賞健康米・特別栽培米】３Ｋ山口県こしひかり（コープやまぐち様）,1217753,4.99E+12,3,単袋,【シール】上質,17.6,0,sticker,active,●【新版】シール大【金賞健康米・特別栽培米】３Ｋ山口県こしひかり（コープやまぐち様）,100,●【新版】,山口県,こしひかり,（コープやまぐち様）,
135828a9-8d44-4ef7-843d-54809a28708a,●【新版】シール大【食味王・年産あり】２Ｋ北海道ゆめぴりか（ＪＡＮなし）,1243714,なし,2,単袋,【シール】上質,17.6,0,sticker,active,●【新版】シール大【食味王・年産あり】２Ｋ北海道ゆめぴりか（ＪＡＮなし）,100,●【新版】,年,ゆめぴりか,（ＪＡＮなし）,
72bb1ac6-f141-448f-a574-e321836c655e,●【新版】シール大【食味王・年産あり】２Ｋ魚沼こしひかり（ＪＡＮなし）,1243716,なし,2,単袋,【シール】上質,17.6,0,sticker,active,●【新版】シール大【食味王・年産あり】２Ｋ魚沼こしひかり（ＪＡＮなし）,100,●【新版】,年,こしひかり,（ＪＡＮなし）,
938ea2f9-e47e-431a-bc0c-4a659ab9e318,●【新版】シール大【食味王・新米】２Ｋ福井県華越前（ＪＡＮなし）,1230813,なし,2,単袋,【シール】上質,17.6,0,sticker,active,●【新版】シール大【食味王・新米】２Ｋ福井県華越前（ＪＡＮなし）,100,●【新版】,福井県,,,
6082aef0-0243-4fde-af94-5d9bd541fb92,●【新版】シール大【食味王・特栽米・脱酸】２Ｋ特栽米・新潟県佐渡産こしひかり（ＪＡＮなし）,1239546,なし,2,単袋,【シール】上質,17.6,0,sticker,active,●【新版】シール大【食味王・特栽米・脱酸】２Ｋ特栽米・新潟県佐渡産こしひかり（ＪＡＮなし）,100,●【新版】,新潟県佐渡,こしひかり,（ＪＡＮなし）,
4eb802ff-076d-4f2d-a1fc-34d0400f050f,●【新版】シール大【食味王・省農薬米】２Ｋ福井県あきさかり,1222502,なし,2,単袋,【シール】上質,17.6,0,sticker,active,●【新版】シール大【食味王・省農薬米】２Ｋ福井県あきさかり,100,●【新版】,福井県,,,
4d2c0ffb-a701-4bad-ad43-4e411be02f59,●【新版】シール大【食味王・脱酸素剤】２Ｋ岩手県金色の風（ＪＡＮなし）,1224191,なし,2,単袋,【シール】上質,17.6,0,sticker,active,●【新版】シール大【食味王・脱酸素剤】２Ｋ岩手県金色の風（ＪＡＮなし）,100,●【新版】,岩手県,,,
4856aef2-6b6d-4f62-86be-c14e4ab5be7b,●【新版】シール大【食味王】２Ｋ特栽・福井県JA越前たけふこしひかり,1222500,なし,2,単袋,【シール】上質,17.6,0,sticker,active,●【新版】シール大【食味王】２Ｋ特栽・福井県JA越前たけふこしひかり,100,●【新版】,福井県,こしひかり,,
430b8068-81bd-4037-a9ae-91ff553d952b,●【新版】シール大【食味王】２Ｋ特栽米【ちくさの舞】兵庫県宍粟市こしひかり（ＪＡＮなし）,1216570,なし,2,単袋,【シール】上質,17.6,0,sticker,active,●【新版】シール大【食味王】２Ｋ特栽米【ちくさの舞】兵庫県宍粟市こしひかり（ＪＡＮなし）,100,●【新版】,兵庫県,こしひかり,（ＪＡＮなし）,
aa777394-8769-4332-a663-4f56b163a303,●【新版】シール大【食味王】２Ｋ福岡夢つくし（ＪＡＮなし）,1243460,なし,2,単袋,【シール】上質,17.6,0,sticker,active,●【新版】シール大【食味王】２Ｋ福岡夢つくし（ＪＡＮなし）,100,●【新版】,,夢つくし,（ＪＡＮなし）,
aafbd1f0-8f95-4e78-8edb-b6dcbad96847,●【新版】シール大２Ｋ新米三重こしひかり,1233127,-,2,単袋,【シール】上質,17.6,0,sticker,active,●【新版】シール大２Ｋ新米三重こしひかり,100,●【新版】,,こしひかり,,
81babca8-6a42-4b11-962c-fa80f95214e4,●【新版】シール小【表示】３Ｋあいちのかおり【陽娘】,1236385,-,3,単袋,【シール】上質,8.8,0,sticker,active,●【新版】シール小【表示】３Ｋあいちのかおり【陽娘】,100,●【新版】,,,,
b7071450-3ebb-4808-b4d2-b774234706ce,●【新版】シール小【表示】３Ｋ山形つや姫,1245338,なし,3,単袋,【シール】上質,8.8,0,sticker,active,●【新版】シール小【表示】３Ｋ山形つや姫,100,●【新版】,,つや姫,,
d222d252-54e1-42af-a6e2-624219eaf41f,●【新版】シール小【表示】５Ｋ京の豆っこ米こしひかり（京都府与謝野町産こしひかり）,1242849,なし,5,単袋,【シール】上質,8.8,0,sticker,active,●【新版】シール小【表示】５Ｋ京の豆っこ米こしひかり（京都府与謝野町産こしひかり）,100,●【新版】,５Ｋ京の豆っこ米こしひかり（京都府与謝野町,こしひかり,（京都府与謝野町産こしひかり）,
435b865f-4750-448b-a44c-91e3c39756f2,●【新版】シール小【表示】５Ｋ青森県はれわたり,1228163,なし,5,単袋,【シール】上質,8.8,0,sticker,active,●【新版】シール小【表示】５Ｋ青森県はれわたり,100,●【新版】,青森県,はれわたり,,
150bdff1-b1a0-46ed-b87c-8627b74f4655,●【新版】シール小【表示】５Ｋ高知県こしひかり,1229059,なし,5,単袋,【シール】上質,8.8,0,sticker,active,●【新版】シール小【表示】５Ｋ高知県こしひかり,100,●【新版】,高知県,こしひかり,,
16ccede1-7a62-4474-a7c1-7e3db6f2b31f,●【新版】シール小1.2Ｋ（表示）福井県いちほまれ（ダスキン用）,1225457,なし,1.2,単袋,【シール】上質,8.8,0,sticker,active,●【新版】シール小1.2Ｋ（表示）福井県いちほまれ（ダスキン用）,100,●【新版】,福井県,いちほまれ,（ダスキン用）,
1f98e6f8-fa04-4496-8068-14da59f15842,●【新版】シール小１Ｋ（表示）宮城県ひとめぼれ（ダスキン用）,1220982,なし,1,単袋,【シール】上質,8.8,0,sticker,active,●【新版】シール小１Ｋ（表示）宮城県ひとめぼれ（ダスキン用）,100,●【新版】,宮城県,ひとめぼれ,（ダスキン用）,
5afeff77-6cd4-42ce-924c-5faf83065141,●【新版】シール小１Ｋ（表示）岩手県銀河のしずく（ダスキン用）,1216574,なし,1,単袋,【シール】上質,14.3,0,sticker,active,●【新版】シール小１Ｋ（表示）岩手県銀河のしずく（ダスキン用）,100,●【新版】,岩手県,,,
66b54ee1-aa85-445b-ba3a-e50d9f87e670,●【新版】シール小１Ｋ（表示）滋賀県こしひかり（ダスキン用）,1213711,なし,1,単袋,【シール】上質,14.3,0,sticker,active,●【新版】シール小１Ｋ（表示）滋賀県こしひかり（ダスキン用）,100,●【新版】,滋賀県,こしひかり,（ダスキン用）,
36bd89ff-0e82-4758-9f67-1b08ee1d0476,●【新版】シール小１Ｋ（表示）青森県まっしぐら（ダスキン用）,1218219,なし,1,単袋,【シール】上質,8.8,0,sticker,active,●【新版】シール小１Ｋ（表示）青森県まっしぐら（ダスキン用）,100,●【新版】,青森県,まっしぐら,（ダスキン用）,
1176a6c9-1b1b-455e-b60b-a6d1ec0691a1,●【新版】小袋シール中300G新潟県上越こしひかり,1217642,-,0.3,単袋,【シール】上質,14.3,0,sticker,active,●【新版】小袋シール中300G新潟県上越こしひかり,100,●【新版】,新潟県,こしひかり,,
6a182a7d-7658-47b8-9796-326dcadcb329,●NO.596【３００ｇ】メッセージライス感謝をこめて新潟県こしひかり積水ハウス不動産東京㈱様分,1194468,-,0.3,単袋,【真空和紙レーヨン】窓無し,16,0,bag,inactive,●NO.596【３００ｇ】メッセージライス感謝をこめて新潟県こしひかり積水ハウス不動産東京㈱様分,100,●,メッセージライス感謝をこめて新潟県こしひかり積水ハウス不動,こしひかり,積水ハウス不動産東京㈱様分,
a1b3bea6-3b58-460d-a509-15256803f12e,●NO.596メッセージライス　福井県華越前(㈱ヒーロー様分）,1233558,なし,0.3,単袋,【真空和紙レーヨン】窓無し,16,0,bag,inactive,●NO.596メッセージライス　福井県華越前(㈱ヒーロー様分）,100,●,福井県,,,
4e1d59e6-21c9-44d3-b13c-e5d8614af699,●NO.596メッセージライス　金賞健康米（北海道ゆめぴりか３００ｇ）,1055429,なし,0.3,単袋,【真空和紙レーヨン】窓無し,16,0,bag,inactive,●NO.596メッセージライス　金賞健康米（北海道ゆめぴりか３００ｇ）,100,●,北海道,ゆめぴりか,３００ｇ）,
dd4918d5-aada-4387-a722-7af877e50363,●シール中　１Ｋ新潟こしひかり（ＪＡＮあり）【受78658の間に合わせ】,1236451,4.99E+12,1,単袋,【シール】上質,8.8,0,sticker,active,●シール中　１Ｋ新潟こしひかり（ＪＡＮあり）【受78658の間に合わせ】,100,●,新潟,こしひかり,（ＪＡＮあり）【受78658の間に合わせ】,
0fa8a698-c2d2-4e72-b7bc-f3b62b327bb9,●シール中　３００ｇ【通常】やまぐち米　山口県こしひかり,1220111,なし,0.3,単袋,【シール】上質,14.3,0,sticker,active,●シール中　３００ｇ【通常】やまぐち米　山口県こしひかり,100,●,山口県,こしひかり,,
3409173d-0960-49bc-bc4d-6dc65423c889,●シール中【ガイドライン・おきたま産】２Ｋ特栽米・山形県つや姫(スギ薬局用）,1179909,なし,2,単袋,【シール】上質,14.3,0,sticker,active,●シール中【ガイドライン・おきたま産】２Ｋ特栽米・山形県つや姫(スギ薬局用）,100,●,おきたま,つや姫,(スギ薬局用）,
91aa5e23-cbe5-4d74-97c8-1b10e00c584c,●シール中【ガイドライン表示・おきたま産】５Ｋ特栽米・山形県つや姫,1021315,なし,5,単袋,【シール】上質,14.3,0,sticker,active,●シール中【ガイドライン表示・おきたま産】５Ｋ特栽米・山形県つや姫,100,●,おきたま,つや姫,,
e852ddf1-0904-4633-974c-b62a8b76b98b,●シール中【ガイドライン表示・金澤さん】４Ｋ特栽米・新潟県魚沼こしひかり,1198698,なし,4,単袋,【シール】上質,14.3,0,sticker,active,●シール中【ガイドライン表示・金澤さん】４Ｋ特栽米・新潟県魚沼こしひかり,100,●,新潟県,こしひかり,,
de9a16ec-e01f-45d4-99cc-afc5af67b1aa,●シール中【ガイドライン表示・高度クリーン】２ＫJAたきかわ指定北海道ゆめぴりか,1212351,なし,2,単袋,【シール】上質,14.3,0,sticker,active,●シール中【ガイドライン表示・高度クリーン】２ＫJAたきかわ指定北海道ゆめぴりか,100,●,北海道,ゆめぴりか,,
d3bbf945-b331-4dbc-97f7-1a209b220b5d,●シール中【ガイドライン表示】２Ｋ特栽・魚のゆりかご水田米滋賀こしひかり,1197414,なし,2,単袋,【シール】上質,14.3,0,sticker,active,●シール中【ガイドライン表示】２Ｋ特栽・魚のゆりかご水田米滋賀こしひかり,100,●,,こしひかり,,
48c83c90-b5a2-49bf-ae79-5ffcbc18364c,●シール中【新米】300ｇ三重こしひかり,1232193,なし,0.3,単袋,【シール】上質,14.3,0,sticker,active,●シール中【新米】300ｇ三重こしひかり,100,●,,こしひかり,,
ae75b0bc-41f6-4d7f-b4c4-9a527a27894e,●シール中【表示】８ｋ国内産こしひかり,1232571,なし,8,単袋,【シール】上質,14.3,0,sticker,active,●シール中【表示】８ｋ国内産こしひかり,100,●,８ｋ国内,こしひかり,,
197ca9d4-4a35-4316-a280-3221b208313c,●シール中【金澤さん】こがね餅（杵つき）,1212145,なし,,単袋,【シール】上質,14.3,0,sticker,active,●シール中【金澤さん】こがね餅（杵つき）,100,●,,,,
679bf4bf-7d3f-4339-be66-7fee689042c1,●シール中【食味王・ガイド】１Ｋ特栽米・秋田県大潟村あきたこまち（ＪＡＮなし）,1240058,なし,1,単袋,【シール】上質,14.3,0,sticker,active,●シール中【食味王・ガイド】１Ｋ特栽米・秋田県大潟村あきたこまち（ＪＡＮなし）,100,●,秋田県,あきたこまち,（ＪＡＮなし）,
022c2261-1cdf-46ea-8a62-9326a1300cce,●シール中【食味王・ガイドライン】１Ｋ特栽米・兵庫県但馬こしひかり・コウノトリ育むお米,1246063,なし,1,単袋,【シール】上質,14.3,0,sticker,active,●シール中【食味王・ガイドライン】１Ｋ特栽米・兵庫県但馬こしひかり・コウノトリ育むお米,100,●,兵庫県,こしひかり,コウノトリ育むお米,
df605abf-bace-4509-8f55-700e555ac11d,●シール中【食味王・脱酸】１Ｋ・秋田県あきたこまち,1227164,なし,1,単袋,【シール】上質,14.3,0,sticker,active,●シール中【食味王・脱酸】１Ｋ・秋田県あきたこまち,100,●,秋田県,あきたこまち,,
41056da6-d093-4f59-90e5-f98b6c8542a8,●シール中【食味王・脱酸素剤】１Ｋ滋賀みずかがみ（ＪＡＮなし）,1217751,なし,1,単袋,【シール】上質,14.3,0,sticker,active,●シール中【食味王・脱酸素剤】１Ｋ滋賀みずかがみ（ＪＡＮなし）,100,●,,,,
b37fa510-cf97-4ae5-9b4a-4a05417b9030,●シール中【食味王・脱酸素剤】１Ｋ福井いちほまれ,1227108,なし,1,単袋,【シール】上質,14.3,0,sticker,active,●シール中【食味王・脱酸素剤】１Ｋ福井いちほまれ,100,●,,いちほまれ,,
921de387-aa6d-4be8-afa0-1eca0c7e5aef,●シール中【食味王・脱酸素剤】１Ｋ香川おいでまい（ＪＡＮなし）,1217643,なし,1,単袋,【シール】上質,14.3,0,sticker,active,●シール中【食味王・脱酸素剤】１Ｋ香川おいでまい（ＪＡＮなし）,100,●,,,,
87372de4-5d3b-464e-8f74-a618d55fe09a,●シール中【食味王】１Ｋ北海道ななつぼし（ＪＡＮなし）,1032949,なし,1,単袋,【シール】上質,14.3,0,sticker,active,●シール中【食味王】１Ｋ北海道ななつぼし（ＪＡＮなし）,100,●,北海道,ななつぼし,（ＪＡＮなし）,
4fffc4e5-bd53-4097-b3fe-3de18bd830cc,●シール中【食味王】１Ｋ宮城県だて正夢【ＪＡＮなし】,1149609,なし,1,単袋,【シール】上質,14.3,0,sticker,active,●シール中【食味王】１Ｋ宮城県だて正夢【ＪＡＮなし】,100,●,宮城県,,,
ed7c59bf-d60f-41b1-aafd-afee78f74069,●シール中【食味王】１Ｋ富山県こしひかり（ＪＡＮなし）,1037935,なし,1,単袋,【シール】上質,14.3,0,sticker,active,●シール中【食味王】１Ｋ富山県こしひかり（ＪＡＮなし）,100,●,富山県,こしひかり,（ＪＡＮなし）,
9bf0fb60-e192-4871-83ff-6bcf1f04cb6b,●シール中【食味王】１Ｋ山口県こしひかり（ＪＡＮなし）,1204167,なし,1,単袋,【シール】上質,14.3,0,sticker,active,●シール中【食味王】１Ｋ山口県こしひかり（ＪＡＮなし）,100,●,山口県,こしひかり,（ＪＡＮなし）,
1bee5719-f4b3-4754-8444-420a169b0467,●シール中【食味王】１Ｋ山形つや姫（ＪＡＮなし）,1028247,なし,1,単袋,【シール】上質,14.3,0,sticker,active,●シール中【食味王】１Ｋ山形つや姫（ＪＡＮなし）,100,●,,つや姫,（ＪＡＮなし）,
20d78296-330d-4bf4-8730-f1d3558b2184,●シール中【食味王】１Ｋ岐阜県こしひかり・飛騨高山産（ＪＡＮなし）,1037927,なし,1,単袋,【シール】上質,14.3,0,sticker,active,●シール中【食味王】１Ｋ岐阜県こしひかり・飛騨高山産（ＪＡＮなし）,100,●,飛騨高山,こしひかり,飛騨高山産（ＪＡＮなし）,
36221f08-f233-470b-8772-6ca0a93cfd65,●シール中【食味王】１Ｋ岩手県銀河のしずく【ＪＡＮなし】,1096305,なし,1,単袋,【シール】上質,14.3,0,sticker,active,●シール中【食味王】１Ｋ岩手県銀河のしずく【ＪＡＮなし】,100,●,岩手県,,,
892621b2-a035-4461-900e-1887b5f68f6b,●シール中【食味王】１Ｋ特栽米・兵庫県但馬こしひかり・コウノトリ育むお米（ＪＡＮなし）,1034119,なし,1,単袋,【シール】上質,14.3,0,sticker,active,●シール中【食味王】１Ｋ特栽米・兵庫県但馬こしひかり・コウノトリ育むお米（ＪＡＮなし）,100,●,兵庫県,こしひかり,コウノトリ育むお米（ＪＡＮなし）,
a6d9697f-b398-4292-bce3-cfb8ce90e90c,●シール中【食味王】１Ｋ特栽米・新潟県こしひかり・ＪＡ北越後産（ＪＡＮなし）,1037934,なし,1,単袋,【シール】上質,14.3,0,sticker,active,●シール中【食味王】１Ｋ特栽米・新潟県こしひかり・ＪＡ北越後産（ＪＡＮなし）,100,●,ＪＡ北越後,こしひかり,ＪＡ北越後産（ＪＡＮなし）,
32ce8cca-8425-482b-9ca3-2e79358641e1,●シール中【食味王】１Ｋ特栽米・秋田県大潟村あきたこまち（ＪＡＮなし）,1032950,なし,1,単袋,【シール】上質,14.3,0,sticker,active,●シール中【食味王】１Ｋ特栽米・秋田県大潟村あきたこまち（ＪＡＮなし）,100,●,秋田県,あきたこまち,（ＪＡＮなし）,
aced92e0-f75e-4c97-a9f3-91efa15ac49f,●シール中【食味王】１Ｋ金賞健康米・北海道ゆめぴりか（ＪＡＮなし）,1033117,なし,1,単袋,【シール】上質,14.3,0,sticker,active,●シール中【食味王】１Ｋ金賞健康米・北海道ゆめぴりか（ＪＡＮなし）,100,●,北海道,ゆめぴりか,（ＪＡＮなし）,
1c735616-895e-408c-a5d0-a642435de8e3,●シール大　２Ｋ【有機米】兵庫県丹波ひかみ産こしひかり（ＪＡ丹波ひかみ指定）,1193795,4.99E+12,2,単袋,【シール】上質,17.6,0,sticker,active,●シール大　２Ｋ【有機米】兵庫県丹波ひかみ産こしひかり（ＪＡ丹波ひかみ指定）,100,●,兵庫県丹波ひかみ,こしひかり,（ＪＡ丹波ひかみ指定）,
7caf8754-835f-4a89-8611-09ec3ad52bd7,●シール大　２Ｋ【有機米】宮城県石巻産ササニシキ（JAいしのまき指定）,1193813,4.99E+12,2,単袋,【シール】上質,17.6,0,sticker,active,●シール大　２Ｋ【有機米】宮城県石巻産ササニシキ（JAいしのまき指定）,100,●,宮城県石巻,,,
a8145451-2b9d-4611-8f82-6b2e49c59e7c,●シール大　２Ｋ【食味王・脱酸・特栽米】京都府京式部（表示なし）,1211838,なし,2,単袋,【シール】上質,17.6,0,sticker,active,●シール大　２Ｋ【食味王・脱酸・特栽米】京都府京式部（表示なし）,100,●,京都府,,,
b1d67a5e-9202-45d7-902e-867e1e3d76d4,●シール大　３Ｋ特栽米・兵庫県丹波産こしひかり,1178866,4.99E+12,3,単袋,【シール】上質,17.6,0,sticker,active,●シール大　３Ｋ特栽米・兵庫県丹波産こしひかり,100,●,兵庫県丹波,こしひかり,,
3df8f6cf-d684-4800-8b63-c19c754cc87e,●シール大　３Ｋ特栽米・岩手県産ひとめぼれ,1178868,4.99E+12,3,単袋,【シール】上質,17.6,0,sticker,active,●シール大　３Ｋ特栽米・岩手県産ひとめぼれ,100,●,岩手県,ひとめぼれ,,
e7325822-2782-47e3-91a9-3973e6a9fb15,●シール大　３Ｋ特栽米・福井県産こしひかり,1178867,4.99E+12,3,単袋,【シール】上質,17.6,0,sticker,active,●シール大　３Ｋ特栽米・福井県産こしひかり,100,●,福井県,こしひかり,,
52769d49-8686-424c-920e-a32286c50f7a,●シール大　４Ｋ新潟県上越産ちほみのり,1140586,-,4,単袋,【シール】上質,0,0,sticker,active,●シール大　４Ｋ新潟県上越産ちほみのり,100,●,４Ｋ新潟県上越,,,
4685d9aa-dada-4c04-b765-cbd2a9389a09,●シール大　４Ｋ新潟県上越産みずほの輝き,1137938,-,4,単袋,【シール】上質,0,0,sticker,active,●シール大　４Ｋ新潟県上越産みずほの輝き,100,●,４Ｋ新潟県上越,,,
c78c7d95-21a1-4a42-812d-594cd6d6acca,●シール大　４Ｋ新潟県佐渡産・棚田米こしひかり,1139112,-,4,単袋,【シール】上質,0,0,sticker,active,●シール大　４Ｋ新潟県佐渡産・棚田米こしひかり,100,●,４Ｋ新潟県佐渡,こしひかり,,
f4c50734-789d-402e-84f3-9d4734fa17d6,●シール大　４Ｋ新潟県北魚沼こしひかり（ＪＡ北魚沼）,1128145,なし,4,単袋,【シール】上質,0,0,sticker,active,●シール大　４Ｋ新潟県北魚沼こしひかり（ＪＡ北魚沼）,100,●,新潟県,こしひかり,（ＪＡ北魚沼）,
8c3654fc-24f1-4df4-b1e6-ebe16437fd46,●シール大　４Ｋ新潟県北魚沼新之助（ＪＡ北魚沼）,1142056,なし,4,単袋,【シール】上質,0,0,sticker,active,●シール大　４Ｋ新潟県北魚沼新之助（ＪＡ北魚沼）,100,●,新潟県,,,
79390f03-397f-476f-88ef-ea82f633d6a3,●シール大　４Ｋ新潟県南魚沼こしひかり,1133086,-,4,単袋,【シール】上質,0,0,sticker,active,●シール大　４Ｋ新潟県南魚沼こしひかり,100,●,新潟県,こしひかり,,
ccfb1b9b-478d-40d5-995c-bac28424ce56,●シール大　４Ｋ新潟県見附市あきだわら,1129866,なし,4,単袋,【シール】上質,0,0,sticker,active,●シール大　４Ｋ新潟県見附市あきだわら,100,●,新潟県,,,
805a6d66-3915-41f6-b4d3-a297ef213f9a,●シール大　４Ｋ新潟県見附市えみのあき,1134507,-,4,単袋,【シール】上質,0,0,sticker,active,●シール大　４Ｋ新潟県見附市えみのあき,100,●,新潟県,,,
c74c56d0-d1d7-42b0-b4c2-8aee74262780,●シール大　４Ｋ特栽米・新潟県北越後産こしひか（ＪＡ北越後指定）,1131770,-,4,単袋,【シール】上質,0,0,sticker,active,●シール大　４Ｋ特栽米・新潟県北越後産こしひか（ＪＡ北越後指定）,100,●,新潟県北越後,,,
b48aea20-8c86-4f07-97a5-255532eb115d,●シール大　５Ｋ【食味王・特栽米】青天の霹靂（ＪＡＮなし）,1212993,なし,5,単袋,【シール】上質,17.6,0,sticker,active,●シール大　５Ｋ【食味王・特栽米】青天の霹靂（ＪＡＮなし）,100,●,,青天の霹靂,（ＪＡＮなし）,
bd0dc328-e51d-473d-958a-1712d8e6310b,●シール大　５Ｋ特栽・石川奥能登棚田米こしひかり【スギ薬局】,1222498,なし,5,単袋,【シール】上質,17.6,0,sticker,active,●シール大　５Ｋ特栽・石川奥能登棚田米こしひかり【スギ薬局】,100,●,,こしひかり,【スギ薬局】,
217bfe67-efca-4f7b-b7e8-9c1b65b9ffb1,●シール大　５Ｋ特栽米・秋田県大潟村あきたこまち,1189312,-,5,単袋,【シール】上質,17.6,0,sticker,active,●シール大　５Ｋ特栽米・秋田県大潟村あきたこまち,100,●,秋田県,あきたこまち,,
79631179-d822-460a-9e6b-3cfe183762c9,●シール大【スギ薬局】２Ｋ無洗米・秋田あきたこまち,1180696,-,2,単袋,【シール】上質,17.6,0,sticker,active,●シール大【スギ薬局】２Ｋ無洗米・秋田あきたこまち,100,●,,あきたこまち,,
91f41b88-6e80-4ab4-9b91-363978d90816,●シール大【スギ薬局】５Ｋ無洗米・富山こしひかり,1180701,-,5,単袋,【シール】上質,17.6,0,sticker,active,●シール大【スギ薬局】５Ｋ無洗米・富山こしひかり,100,●,,こしひかり,,
f0f46976-e59e-487c-ad7d-5a7655667d12,●シール大【スギ薬局】５Ｋ石川能登棚田米こしひかり,1167265,なし,5,単袋,【シール】上質,17.6,0,sticker,active,●シール大【スギ薬局】５Ｋ石川能登棚田米こしひかり,100,●,,こしひかり,,
ef4f5a51-ce05-4627-be0f-277bd4fa54c8,●シール大【ライフフーズ】１Ｋ岩手県ひとめぼれ,1217992,なし,1,単袋,【シール】上質,17.6,0,sticker,active,●シール大【ライフフーズ】１Ｋ岩手県ひとめぼれ,100,●,岩手県,ひとめぼれ,,
b59f19bf-022f-471c-ae75-1d87a5e12bff,●シール大【ライフフーズ】１Ｋ香川県ひのひかり,1217991,なし,1,単袋,【シール】上質,17.6,0,sticker,active,●シール大【ライフフーズ】１Ｋ香川県ひのひかり,100,●,香川県,ひのひかり,,
5dfe5561-6dd6-4557-a926-c3348edf75ee,●シール大【家紋・ガイド表示】２Ｋ特栽米・新潟こしひかり・ＪＡ北新潟産（ＪＡＮなし）,1244577,なし,2,単袋,【シール】上質,17.6,0,sticker,active,●シール大【家紋・ガイド表示】２Ｋ特栽米・新潟こしひかり・ＪＡ北新潟産（ＪＡＮなし）,100,●,ＪＡ北新潟,こしひかり,ＪＡ北新潟産（ＪＡＮなし）,
7e99de46-7101-4d66-af53-7a2feb6dba9b,●シール大【家紋・ガイド表示】５Ｋ特栽米・新潟県こしひかり・ＪＡ北新潟産（ＪＡＮなし）,1240054,なし,5,単袋,【シール】上質,17.6,0,sticker,active,●シール大【家紋・ガイド表示】５Ｋ特栽米・新潟県こしひかり・ＪＡ北新潟産（ＪＡＮなし）,100,●,ＪＡ北新潟,こしひかり,ＪＡ北新潟産（ＪＡＮなし）,
4e238055-eb9a-4ba4-bfbc-b6b429bb0704,●シール大【家紋・ガイド表示】５Ｋ特栽米・秋田県大潟村あきたこまち（ＪＡＮなし）,1240057,なし,5,単袋,【シール】上質,17.6,0,sticker,active,●シール大【家紋・ガイド表示】５Ｋ特栽米・秋田県大潟村あきたこまち（ＪＡＮなし）,100,●,秋田県,あきたこまち,（ＪＡＮなし）,
a38b7c34-e0d2-4b7a-acd8-4b257214ef28,●シール大【金賞健康米】２Ｋ北海道ゆめぴりか【住友生命VITALITY】,1195365,なし,2,単袋,【シール】上質,17.6,0,sticker,active,●シール大【金賞健康米】２Ｋ北海道ゆめぴりか【住友生命VITALITY】,100,●,北海道,ゆめぴりか,【住友生命VITALITY】,
a4e27ed3-8458-4896-9270-34153ed8005a,●シール大【雪室貯蔵米】４Ｋ新潟県北魚沼産こしひかり,1135927,-,4,単袋,【シール】上質,0,0,sticker,active,●シール大【雪室貯蔵米】４Ｋ新潟県北魚沼産こしひかり,100,●,４Ｋ新潟県北魚沼,こしひかり,,
0f2b9ebd-547f-4c50-9fdc-1c7b863c5102,●シール大【食味王・ガイド】２Ｋ特栽米・新潟県こしひかり・ＪＡ北新潟産（ＪＡＮなし）,1240053,なし,2,単袋,【シール】上質,17.6,0,sticker,active,●シール大【食味王・ガイド】２Ｋ特栽米・新潟県こしひかり・ＪＡ北新潟産（ＪＡＮなし）,100,●,ＪＡ北新潟,こしひかり,ＪＡ北新潟産（ＪＡＮなし）,
676eeb51-eddf-4d7e-9cb2-388d53a740ec,●シール大【食味王・ガイド】２Ｋ特栽米・秋田県大潟村あきたこまち（ＪＡＮなし）,1240056,なし,2,単袋,【シール】上質,17.6,0,sticker,active,●シール大【食味王・ガイド】２Ｋ特栽米・秋田県大潟村あきたこまち（ＪＡＮなし）,100,●,秋田県,あきたこまち,（ＪＡＮなし）,
f27d502c-ae3e-4c53-b700-f9b0e3210bd0,●シール大【食味王・年産あり】２Ｋ宮城県ひとめぼれ（ＪＡＮなし）,1243715,なし,2,単袋,【シール】上質,17.6,0,sticker,active,●シール大【食味王・年産あり】２Ｋ宮城県ひとめぼれ（ＪＡＮなし）,100,●,年,ひとめぼれ,（ＪＡＮなし）,
88f0ea9c-a677-4aee-8fc5-3cf50f9a7497,●シール大【食味王・脱酸】２Ｋ北海道ななつぼし（ＪＡＮなし）,1220586,なし,2,単袋,【シール】上質,17.6,0,sticker,active,●シール大【食味王・脱酸】２Ｋ北海道ななつぼし（ＪＡＮなし）,100,●,北海道,ななつぼし,（ＪＡＮなし）,
4f25dd2c-0c33-4952-8929-9702520b1775,●シール大【食味王・脱酸】２Ｋ山形つや姫（ＪＡＮなし）,1183946,なし,2,単袋,【シール】上質,17.6,0,sticker,active,●シール大【食味王・脱酸】２Ｋ山形つや姫（ＪＡＮなし）,100,●,,つや姫,（ＪＡＮなし）,
109673a1-2443-4f05-b940-0eb5b48e651e,●シール大【食味王・脱酸】２Ｋ岩手銀河のしずく（ＪＡＮなし）,1183948,なし,2,単袋,【シール】上質,17.6,0,sticker,active,●シール大【食味王・脱酸】２Ｋ岩手銀河のしずく（ＪＡＮなし）,100,●,,,,
90a1e3d2-7fe1-4822-ad0c-2829a73df787,●シール大【食味王・脱酸】２Ｋ特栽米・兵庫県但馬こしひかり・コウノトリ育むお米表示なし,1173852,なし,2,単袋,【シール】上質,17.6,0,sticker,active,●シール大【食味王・脱酸】２Ｋ特栽米・兵庫県但馬こしひかり・コウノトリ育むお米表示なし,100,●,兵庫県,こしひかり,コウノトリ育むお米表示なし,
8a059d1a-4bec-4ce6-94a9-2c32ba8d13ca,●シール大【食味王・脱酸】２Ｋ魚沼こしひかり（ＪＡＮなし）,1183949,なし,2,単袋,【シール】上質,17.6,0,sticker,active,●シール大【食味王・脱酸】２Ｋ魚沼こしひかり（ＪＡＮなし）,100,●,魚沼,こしひかり,（ＪＡＮなし）,
3855e3fa-629d-4827-8ef0-05e7151f807f,●シール大【食味王】２Ｋ北海道ゆめぴりか（ＪＡＮなし）,1029609,なし,2,単袋,【シール】上質,17.6,0,sticker,active,●シール大【食味王】２Ｋ北海道ゆめぴりか（ＪＡＮなし）,100,●,北海道,ゆめぴりか,（ＪＡＮなし）,
5aa48c34-b796-4354-875a-eb25a51c84a5,●シール大【食味王】２Ｋ奈良県ひのひかり（ＪＡＮなし）,1100236,なし,2,単袋,【シール】上質,17.6,0,sticker,active,●シール大【食味王】２Ｋ奈良県ひのひかり（ＪＡＮなし）,100,●,奈良県,ひのひかり,（ＪＡＮなし）,
57a90381-4abe-407b-8aec-816c9581a7ad,●シール大【食味王】２Ｋ山形県つや姫（ＪＡＮなし）,1037520,なし,2,単袋,【シール】上質,17.6,0,sticker,active,●シール大【食味王】２Ｋ山形県つや姫（ＪＡＮなし）,100,●,山形県,つや姫,（ＪＡＮなし）,
7f70ecd2-d858-4d3b-ad6e-bf17d67be7e3,●シール大【食味王】２Ｋ岩手県銀河のしずく（ＪＡＮなし）,1087583,なし,2,単袋,【シール】上質,17.6,0,sticker,active,●シール大【食味王】２Ｋ岩手県銀河のしずく（ＪＡＮなし）,100,●,岩手県,,,
f58905c4-3113-438f-a296-91df6d3b7aad,●シール大【食味王】２Ｋ熊本県森のくまさん（ＪＡＮなし）,1024475,なし,2,単袋,【シール】上質,17.6,0,sticker,active,●シール大【食味王】２Ｋ熊本県森のくまさん（ＪＡＮなし）,100,●,熊本県,森のくまさん,（ＪＡＮなし）,
8b0a4012-e8b9-400f-b5c4-dd40ae5cea7d,●シール大【食味王】２Ｋ特栽・魚のゆりかご水田米滋賀こしひかり,1222582,-,2,単袋,【シール】上質,17.6,0,sticker,active,●シール大【食味王】２Ｋ特栽・魚のゆりかご水田米滋賀こしひかり,100,●,,こしひかり,,
c35b0ed0-be82-46a7-a0cb-9cf0081409d3,●シール大【食味王】２Ｋ特栽米・兵庫県但馬こしひかり・コウノトリ育むお米（ＪＡＮなし）,1095151,なし,2,単袋,【シール】上質,17.6,0,sticker,active,●シール大【食味王】２Ｋ特栽米・兵庫県但馬こしひかり・コウノトリ育むお米（ＪＡＮなし）,100,●,兵庫県,こしひかり,コウノトリ育むお米（ＪＡＮなし）,
cab95542-56fd-4260-b5dd-2062503ca7f3,●シール大【食味王】２Ｋ特栽米・北海道ゆめぴりか（ＪＡＮなし・新すながわ農協）,1212143,なし,2,単袋,【シール】上質,17.6,0,sticker,active,●シール大【食味王】２Ｋ特栽米・北海道ゆめぴりか（ＪＡＮなし・新すながわ農協）,100,●,北海道,ゆめぴりか,（ＪＡＮなし・新すながわ農協）,
862a47f0-1228-485d-a6e3-fc8d3fbb68be,●シール大【食味王】２Ｋ石川県こしひかり・能登の棚田米（ＪＡＮなし）,1088271,なし,2,単袋,【シール】上質,17.6,0,sticker,active,●シール大【食味王】２Ｋ石川県こしひかり・能登の棚田米（ＪＡＮなし）,100,●,石川県,こしひかり,能登の棚田米（ＪＡＮなし）,
1d9e3605-d1c9-4d5b-b9f2-f4be2e19405a,●シール大【食味王】２Ｋ石川県ひゃくまん穀（ＪＡＮなし）,1110086,なし,2,単袋,【シール】上質,17.6,0,sticker,active,●シール大【食味王】２Ｋ石川県ひゃくまん穀（ＪＡＮなし）,100,●,石川県,,,
76b68d3a-b0cd-495f-9781-ee2548694ad9,●シール大【食味王】２Ｋ福井いちほまれ,1167279,なし,2,単袋,【シール】上質,17.6,0,sticker,active,●シール大【食味王】２Ｋ福井いちほまれ,100,●,,いちほまれ,,
f807016c-76e7-4914-a1e5-d2384755ae22,●シール大【食味王】２Ｋ福井県華越前（ＪＡＮなし）,1175838,なし,2,単袋,【シール】上質,17.6,0,sticker,active,●シール大【食味王】２Ｋ福井県華越前（ＪＡＮなし）,100,●,福井県,,,
95682044-a878-4e2b-b30d-19dd438d5793,●シール大【食味王】２Ｋ青森県まっしぐら（ＪＡＮなし）,1068809,なし,2,単袋,【シール】上質,17.6,0,sticker,active,●シール大【食味王】２Ｋ青森県まっしぐら（ＪＡＮなし）,100,●,青森県,まっしぐら,（ＪＡＮなし）,
2b23a743-74fb-4fea-a2b8-46919aa80c9a,●シール大【食味王】５Ｋ特栽米・北海道ゆめぴりか（ＪＡＮなし・新すながわ農協）,1179002,なし,5,単袋,【シール】上質,17.6,0,sticker,active,●シール大【食味王】５Ｋ特栽米・北海道ゆめぴりか（ＪＡＮなし・新すながわ農協）,100,●,北海道,ゆめぴりか,（ＪＡＮなし・新すながわ農協）,
553fc7ee-bc51-452e-b9b8-1968e5b32db2,●シール大【食味王ＪＡＮ】２Ｋ三重県伊賀こしひかり,1028123,4.99E+12,2,単袋,【シール】上質,17.6,0,sticker,active,●シール大【食味王ＪＡＮ】２Ｋ三重県伊賀こしひかり,100,●,,こしひかり,,
f6fe5719-1741-4fe0-b50f-d6ac55561d88,●シール大【食味王ＪＡＮ】２Ｋ京都府京丹後こしひかり,1028137,4.99E+12,2,単袋,【シール】上質,17.6,0,sticker,active,●シール大【食味王ＪＡＮ】２Ｋ京都府京丹後こしひかり,100,●,京都府,こしひかり,,
8f767212-0e30-445e-8bec-6abc1c5cefe9,●シール大【食味王ＪＡＮ】２Ｋ北海道ゆめぴりか,1024473,4.99E+12,2,単袋,【シール】上質,17.6,0,sticker,active,●シール大【食味王ＪＡＮ】２Ｋ北海道ゆめぴりか,100,●,北海道,ゆめぴりか,,
7ce42d25-a125-4e8d-ad2b-05fabb611114,●シール大【食味王ＪＡＮ】２Ｋ新潟県魚沼こしひかり,1024474,4.99E+12,2,単袋,【シール】上質,17.6,0,sticker,active,●シール大【食味王ＪＡＮ】２Ｋ新潟県魚沼こしひかり,100,●,新潟県,こしひかり,,
fa461cdc-a1b3-445e-8f7d-c6e5cc7710a8,●シール大【食味王ＪＡＮ】２Ｋ福井いちほまれ,1188556,4.99E+12,2,単袋,【シール】上質,17.6,0,sticker,active,●シール大【食味王ＪＡＮ】２Ｋ福井いちほまれ,100,●,,いちほまれ,,
ea1a9983-10f9-4d10-9f34-a3afc7451529,●シール小【表示・有機】２Ｋ北海道旭川市産ゆめぴりか,1234215,なし,2,単袋,【シール】上質,8.8,0,sticker,active,●シール小【表示・有機】２Ｋ北海道旭川市産ゆめぴりか,100,●,２Ｋ北海道旭川市,ゆめぴりか,,
889a229b-e879-4c8e-976a-8fd57595be3e,●シール小【表示】1.3Ｋ　新潟県魚沼こしひかり（アピデ様）,1080060,なし,1.3,単袋,【シール】上質,8.8,0,sticker,active,●シール小【表示】1.3Ｋ　新潟県魚沼こしひかり（アピデ様）,100,●,新潟県,こしひかり,（アピデ様）,
f9418f5d-f052-4f1f-994f-4580f20915e9,●シール小【表示】１Ｋ新潟県魚沼こしひかり（アピデ様）,1080058,なし,1,単袋,【シール】上質,8.8,0,sticker,active,●シール小【表示】１Ｋ新潟県魚沼こしひかり（アピデ様）,100,●,新潟県,こしひかり,（アピデ様）,
e431cec2-d077-4873-b602-4a166e84c827,●シール小【表示】2.5Ｋ新潟県魚沼こしひかり（アピデ様）,1080064,なし,2.5,単袋,【シール】上質,8.8,0,sticker,active,●シール小【表示】2.5Ｋ新潟県魚沼こしひかり（アピデ様）,100,●,新潟県,こしひかり,（アピデ様）,
0cf09364-adb2-4e3b-8a8c-ea853b23cce9,●シール小【表示】２Ｋ京都ひのひかり,1170333,なし,2,単袋,【シール】上質,8.8,0,sticker,active,●シール小【表示】２Ｋ京都ひのひかり,100,●,京都,ひのひかり,,
7ce8a0b9-aaee-40f5-8d90-62ca85982356,●シール小【表示】２Ｋ有機栽培米・兵庫県丹波ひかみこしひかり,1080753,4.99E+12,2,単袋,【シール】上質,8.8,0,sticker,active,●シール小【表示】２Ｋ有機栽培米・兵庫県丹波ひかみこしひかり,100,●,兵庫県,こしひかり,,
8e9ff68b-e860-4ca8-a32c-f4100f837f6c,●シール小【表示】３Ｋ新潟県魚沼こしひかり（アピデ様）,1080066,なし,3,単袋,【シール】上質,8.8,0,sticker,active,●シール小【表示】３Ｋ新潟県魚沼こしひかり（アピデ様）,100,●,新潟県,こしひかり,（アピデ様）,
53caa1e8-6c80-4860-bae5-13f37a2ed7fb,●シール小【表示】４Ｋあいちのかおり【陽娘】,1184642,-,4,単袋,【シール】上質,8.8,0,sticker,active,●シール小【表示】４Ｋあいちのかおり【陽娘】,100,●,,,,
7b47ebff-9054-4930-a416-a05a01164633,●シール小【表示】４Ｋ新潟県魚沼こしひかり（アピデ様）,1080068,なし,4,単袋,【シール】上質,8.8,0,sticker,active,●シール小【表示】４Ｋ新潟県魚沼こしひかり（アピデ様）,100,●,新潟県,こしひかり,（アピデ様）,
ef86aca9-4064-4874-b16e-64748074d724,●シール小【表示】５Ｋあいちのかおり【陽娘】,1163084,-,5,単袋,【シール】上質,8.8,0,sticker,active,●シール小【表示】５Ｋあいちのかおり【陽娘】,100,●,,,,
ade89ef0-3f04-4233-9130-67428e96efef,●シール小【表示】５Ｋ埼玉県産こしひかり,1195655,なし,5,単袋,【シール】上質,8.8,0,sticker,active,●シール小【表示】５Ｋ埼玉県産こしひかり,100,●,５Ｋ埼玉県,こしひかり,,
b1437c6d-23c7-44f7-b12a-77f61ee4c02d,●シール小【表示】５Ｋ宮城ひとめぼれ,1102809,なし,5,単袋,【シール】上質,8.8,0,sticker,active,●シール小【表示】５Ｋ宮城ひとめぼれ,100,●,,ひとめぼれ,,
5d6efbaa-82aa-4220-9085-7bd9ca4313d0,●シール小【表示】５Ｋ熊本県森のくまさん,1116470,なし,5,単袋,【シール】上質,8.8,0,sticker,active,●シール小【表示】５Ｋ熊本県森のくまさん,100,●,熊本県,森のくまさん,,
1017db88-ce97-4ef5-84e3-efd765591dbb,●シール小【表示】５Ｋ石川ひゃくまん穀,1231019,なし,5,単袋,【シール】上質,8.8,0,sticker,active,●シール小【表示】５Ｋ石川ひゃくまん穀,100,●,,,,
f16d9e43-2884-4673-84ea-632d997d5d7b,●シール小【表示】５Ｋ福井いちほまれ,1168363,なし,5,単袋,【シール】上質,8.8,0,sticker,active,●シール小【表示】５Ｋ福井いちほまれ,100,●,,いちほまれ,,
4e773b2a-4fde-4cd1-a76f-9328923c1d76,●シール小【表示】５Ｋ魚沼こしひかり（アピデ様）,1080070,なし,5,単袋,【シール】上質,8.8,0,sticker,active,●シール小【表示】５Ｋ魚沼こしひかり（アピデ様）,100,●,魚沼,こしひかり,（アピデ様）,
a4945567-2b93-4cbe-a1af-3bd76ebf8074,●シール小【表示ＪＡＮ】２Ｋ有機栽培米・滋賀県こしひかり,1099721,4.99E+12,2,単袋,【シール】上質,8.8,0,sticker,active,●シール小【表示ＪＡＮ】２Ｋ有機栽培米・滋賀県こしひかり,100,●,滋賀県,こしひかり,,
60e5ec14-037a-406e-8903-3c32b92ebf68,●シール小【表示ＪＡＮ】２Ｋ有機栽培米・滋賀県ミルキークイーン,1098697,4.99E+12,2,単袋,【シール】上質,8.8,0,sticker,active,●シール小【表示ＪＡＮ】２Ｋ有機栽培米・滋賀県ミルキークイーン,100,●,滋賀県,ミルキークイーン,,
1603d531-8323-41df-b43e-661a4b93ca68,●小袋シール中300G新潟県産新之助,1217405,-,0.3,単袋,【シール】上質,14.3,0,sticker,active,●小袋シール中300G新潟県産新之助,100,●,小袋シール中300G新潟県,,,
29cd2ef2-59f8-4487-9d6f-1687a1b44f16,ＣＵＴ代：１．４Ｋポリ熊本県産ひよくもち,1016982,4.99E+12,1.4,その他,,5,0,bag,inactive,【カット】別注1.4KﾎﾟﾘDH熊本ひよくもち【原反80912-38】,100,,ＣＵＴ代：１．４Ｋポリ熊本県,,,
cbf8707f-a8d7-4b73-88ba-f7fe9c331988,ＪＡ加美よつば宮城ひとめぼれ（万代ＰＢ,1202002,4.99E+12,10,RＺ,【ポリポリ】,81.5,0,bag,active,別注10KﾎﾟﾘﾎﾟﾘDH【万代ＰＢ】ＪＡ加美よつば宮城ひとめぼれRZ,100,,,ひとめぼれ,（万代ＰＢ,
b0942f8c-1861-4e46-b8d0-a609710ac358,アメリカ産カルローズ,1222691,4.99E+12,10,RＡ,【ポリ】透明,46.5,0,bag,active,別注10KﾎﾟﾘDH【ロピア用】アメリカ産カルローズRA,100,,アメリカ,,,
31ade720-1303-46a8-bad0-e89d127eb6c4,アメリカ産カルローズ,1219516,4.99E+12,5,RＺ,【ポリ】透明,80,0,bag,active,●【新版】（ロゴ無）5KﾎﾟﾘDHアメリカ産カルローズRZＳＰ晴天青空グリーン,100,,アメリカ,,,
dcc53733-1c01-40fc-95ca-f372685e350a,アメリカ産カルローズ,1090492,4.99E+12,10,RＺ,【ポリ】透明,54,0,bag,active,●（ロゴ無）別注10KﾎﾟﾘDHアメリカ産カルローズRZ,100,,アメリカ,,,
185e5a0c-d41d-4994-ad26-452be74eb087,アメリカ産カルローズ,1219517,4.99E+12,10,RＺ,【ポリ】透明,90.5,0,bag,active,●【新版】（ロゴ無）10KﾎﾟﾘDHアメリカ産カルローズRZＳＰ晴天青空グリーン,100,,アメリカ,,,
39d891d8-32f0-4385-a858-aea6cd36fff6,お買い得米,1119954,4.99E+12,10,RＺ,【ポリ】透明,39.5,0,bag,active,●（ロゴ無）別注10KﾎﾟﾘDHお買い得米RZ,100,,,,,
6fe1a7cf-4d89-442c-8dd5-245e76bb768b,シール中【ガイド表示・ファーマー】５Ｋ特栽・石川県奥能登棚田米こしひかり,1222499,なし,5,単袋,【シール】上質,14.3,0,sticker,active,シール中【ガイド表示・ファーマー】５Ｋ特栽・石川県奥能登棚田米こしひかり,100,,石川県,こしひかり,,
a4a5d762-01e0-4fcc-b990-0774d25321ee,シール中【ガイド表示・高度クリーン】５Ｋ北海道ゆめぴりか,1212352,なし,5,単袋,【シール】上質,14.3,0,sticker,active,シール中【ガイド表示・高度クリーン】５Ｋ北海道ゆめぴりか,100,,北海道,ゆめぴりか,,
0f55919c-9be4-409e-9d9b-4ac51a0cae2b,シール中【金賞健康米】１Ｋ北海道ゆめぴりか【住友生命VITALITY】,1195366,なし,1,単袋,【シール】上質,14.3,0,sticker,active,シール中【金賞健康米】１Ｋ北海道ゆめぴりか【住友生命VITALITY】,100,,北海道,ゆめぴりか,【住友生命VITALITY】,
ff61061a-444b-4c05-80d8-0c62e7a4d34a,シール中【金賞健康米】300G北海道ゆめぴりか【住友生命VITALITY】,1195368,なし,0.3,単袋,【シール】上質,14.3,0,sticker,active,シール中【金賞健康米】300G北海道ゆめぴりか【住友生命VITALITY】,100,,北海道,ゆめぴりか,【住友生命VITALITY】,
b755656a-4640-4284-b089-e631d45a0be5,シール中【食味王・ガイド表示】１Ｋ特栽米・新潟こしひかり・ＪＡ北新潟産（ＪＡＮなし）,1240055,なし,1,単袋,【シール】上質,14.3,0,sticker,active,シール中【食味王・ガイド表示】１Ｋ特栽米・新潟こしひかり・ＪＡ北新潟産（ＪＡＮなし）,100,,ＪＡ北新潟,こしひかり,ＪＡ北新潟産（ＪＡＮなし）,
801584b3-4621-4523-901d-f2f5c2041d0c,シール中【食味王・脱酸】１Ｋ北海道ゆめぴりか（ＪＡＮなし）,1206752,なし,1,単袋,【シール】上質,14.3,0,sticker,active,シール中【食味王・脱酸】１Ｋ北海道ゆめぴりか（ＪＡＮなし）,100,,北海道,ゆめぴりか,（ＪＡＮなし）,
9f50bb6e-56fc-4c87-b6d7-db33d457d79e,シール中【食味王・脱酸】１Ｋ青森県青天の霹靂【ＪＡＮなし】,1238247,なし,1,単袋,【シール】上質,14.3,0,sticker,active,シール中【食味王・脱酸】１Ｋ青森県青天の霹靂【ＪＡＮなし】,100,,青森県,青天の霹靂,【ＪＡＮなし】,
12766c85-ff1c-4191-9306-74b681aec347,シール中【食味王・脱酸素剤】１Ｋ宮城県産ひとめぼれ（ＪＡＮなし）,1206754,なし,1,単袋,【シール】上質,14.3,0,sticker,active,シール中【食味王・脱酸素剤】１Ｋ宮城県産ひとめぼれ（ＪＡＮなし）,100,,１Ｋ宮城県,ひとめぼれ,（ＪＡＮなし）,
3be89450-1142-4ad9-b465-17884fdb9b70,シール中【食味王・脱酸素剤】１Ｋ魚沼こしひかり（ＪＡＮなし）,1225009,なし,1,単袋,【シール】上質,14.3,0,sticker,active,シール中【食味王・脱酸素剤】１Ｋ魚沼こしひかり（ＪＡＮなし）,100,,魚沼,こしひかり,（ＪＡＮなし）,
3c54468d-e1a4-4533-9d51-b04c31e7b4d6,シール中【食味王】１Ｋ京都府京丹後こしひかり（ＪＡＮなし）,1037937,なし,1,単袋,【シール】上質,14.3,0,sticker,active,シール中【食味王】１Ｋ京都府京丹後こしひかり（ＪＡＮなし）,100,,京都府,こしひかり,（ＪＡＮなし）,
e890e0a3-c992-42e4-baf2-d2d75c13ea00,シール中【食味王】１Ｋ北海道ゆめぴりか【ＪＡＮなし】,1028246,なし,1,単袋,【シール】上質,14.3,0,sticker,active,シール中【食味王】１Ｋ北海道ゆめぴりか【ＪＡＮなし】,100,,北海道,ゆめぴりか,【ＪＡＮなし】,
ddffd9c5-abcc-42e7-b982-5af5d87676e7,シール中【食味王】１Ｋ宮城ささにしき【ＪＡＮなし】,1037926,なし,1,単袋,【シール】上質,14.3,0,sticker,active,シール中【食味王】１Ｋ宮城ささにしき【ＪＡＮなし】,100,,,,,
501bc754-5a18-43bb-a8d8-7d8a43a4abc7,シール中【食味王】１Ｋ宮城ひとめぼれ【ＪＡＮなし】,1034120,なし,1,単袋,【シール】上質,14.3,0,sticker,active,シール中【食味王】１Ｋ宮城ひとめぼれ【ＪＡＮなし】,100,,,ひとめぼれ,【ＪＡＮなし】,
cecc0f68-0b83-44c5-a7a4-3f9941808568,シール中【食味王】１Ｋ滋賀みずかがみ【ＪＡＮなし】,1037939,なし,1,単袋,【シール】上質,14.3,0,sticker,active,シール中【食味王】１Ｋ滋賀みずかがみ【ＪＡＮなし】,100,,,,,
d8de96c5-aae2-4386-8ee3-a357746d8e36,シール中【食味王】１Ｋ福井いちほまれ,1167270,なし,1,単袋,【シール】上質,14.3,0,sticker,active,シール中【食味王】１Ｋ福井いちほまれ,100,,,いちほまれ,,
008ec05e-c33e-41bf-806c-6bb343a99a95,シール中【食味王】１Ｋ青森県青天の霹靂【ＪＡＮなし】,1096306,なし,1,単袋,【シール】上質,14.3,0,sticker,active,シール中【食味王】１Ｋ青森県青天の霹靂【ＪＡＮなし】,100,,青森県,青天の霹靂,【ＪＡＮなし】,
15c358f8-544c-497d-9e16-325a310bcdc3,シール中【食味王】１Ｋ魚沼こしひかり【ＪＡＮなし】,1032951,なし,1,単袋,【シール】上質,14.3,0,sticker,active,シール中【食味王】１Ｋ魚沼こしひかり【ＪＡＮなし】,100,,魚沼,こしひかり,【ＪＡＮなし】,
f82e784a-c15b-4713-b004-10cdfeb763aa,シール大　２Ｋ【食味王】青森県青天の霹靂（ＪＡＮなし）,1087585,なし,2,単袋,【シール】上質,17.6,0,sticker,active,シール大　２Ｋ【食味王】青森県青天の霹靂（ＪＡＮなし）,100,,青森県,青天の霹靂,（ＪＡＮなし）,
083a5bda-bfa2-4c59-b468-e91b77be6cf5,シール大【スギ薬局】２Ｋ無洗米・新潟こしひかり,1200558,-,2,単袋,【シール】上質,17.6,0,sticker,active,シール大【スギ薬局】２Ｋ無洗米・新潟こしひかり,100,,新潟,こしひかり,,
37f7a9a5-5ed4-470f-b1a1-84f8a3ea44bc,シール大【スギ薬局】２Ｋ無洗米富山こしひかり,1180700,-,2,単袋,【シール】上質,17.6,0,sticker,active,シール大【スギ薬局】２Ｋ無洗米富山こしひかり,100,,,こしひかり,,
30b7b49b-edbc-4637-b6bd-ae4006429c2c,シール大【スギ薬局】５Ｋ無洗米・新潟こしひかり,1200559,-,5,単袋,【シール】上質,17.6,0,sticker,active,シール大【スギ薬局】５Ｋ無洗米・新潟こしひかり,100,,新潟,こしひかり,,
f91a6940-d826-4355-a094-3f518b3ac81a,シール大【スギ薬局】５Ｋ無洗米・秋田あきたこまち,1180697,-,5,単袋,【シール】上質,17.6,0,sticker,active,シール大【スギ薬局】５Ｋ無洗米・秋田あきたこまち,100,,,あきたこまち,,
ddf84efc-a81b-461a-9c5e-23f873c2a2ed,シール大【家紋・ガイド表示】３Ｋ特栽米・魚沼こしひかり,1244579,なし,3,単袋,【シール】上質,17.6,0,sticker,active,シール大【家紋・ガイド表示】３Ｋ特栽米・魚沼こしひかり,100,,魚沼,こしひかり,,
0fc5609f-4c28-4f67-957f-5094dfe5ed06,シール大【家紋・表示】２Ｋ新潟県こしひかり（エディオン×象印）,1249348,なし,2,単袋,【シール】上質,17.6,0,sticker,active,シール大【家紋・表示】２Ｋ新潟県こしひかり（エディオン×象印）,100,,新潟県,こしひかり,（エディオン×象印）,
1100f105-f2aa-4cc1-a1d2-5027945c36d9,シール大【家紋・表示】２Ｋ無洗米・魚沼こしひかり,1244607,なし,2,単袋,【シール】上質,17.6,0,sticker,active,シール大【家紋・表示】２Ｋ無洗米・魚沼こしひかり,100,,魚沼,こしひかり,,
b7558f7e-1043-42a5-9bf6-074a037df601,シール大【家紋・表示】２Ｋ熊本もりのくまさん（ひらがな）,1244581,なし,2,単袋,【シール】上質,17.6,0,sticker,active,シール大【家紋・表示】２Ｋ熊本もりのくまさん（ひらがな）,100,,,,,
206dcbe3-2a76-4dec-9c47-0805d1520b52,シール大【家紋・表示】３Ｋあいちのかおり,1247513,-,3,単袋,【シール】上質,17.6,0,sticker,active,シール大【家紋・表示】３Ｋあいちのかおり,100,,,,,
21575028-dc09-4441-b919-bb5164e73a25,シール大【家紋・表示】３Ｋ北海道ゆめぴりか,1244578,なし,3,単袋,【シール】上質,17.6,0,sticker,active,シール大【家紋・表示】３Ｋ北海道ゆめぴりか,100,,北海道,ゆめぴりか,,
ddef34e5-71c1-4e25-96ff-f37f8c383e59,シール大【家紋・表示】４Ｋ熊本森のくまさん,1244585,なし,4,単袋,【シール】上質,17.6,0,sticker,active,シール大【家紋・表示】４Ｋ熊本森のくまさん,100,,,森のくまさん,,
d8de8748-7ad5-43c4-bc8c-18b3753acd72,シール大【家紋・表示】５Ｋ新潟こしひかり,1245349,なし,5,単袋,【シール】上質,17.6,0,sticker,active,シール大【家紋・表示】５Ｋ新潟こしひかり,100,,新潟,こしひかり,,
2851a2b3-f00b-447b-82f2-1310102c326f,シール大【家紋】５Ｋ岐阜飛騨高山こしひかり,1167274,なし,5,単袋,【シール】上質,17.6,0,sticker,active,シール大【家紋】５Ｋ岐阜飛騨高山こしひかり,100,,,こしひかり,,
d1c59af2-721d-4877-93c6-3e9178add439,シール大【有機米】２Ｋ愛知県あいちのかおり（JAなごや）,1261483,-,2,単袋,【シール】上質,17.6,0,sticker,active,シール大【有機米】２Ｋ愛知県あいちのかおり（JAなごや）,100,,,,,
adc98454-f7b6-4015-b872-ead2f2df24fa,シール大【食味王・有機】５Ｋ魚沼こしひかり（ＪＡＮなし）,1243895,なし,5,単袋,【シール】上質,17.6,0,sticker,active,シール大【食味王・有機】５Ｋ魚沼こしひかり（ＪＡＮなし）,100,,魚沼,こしひかり,（ＪＡＮなし）,
d0162f8b-f3b2-423b-bf86-5c953119481f,シール大【食味王・脱酸】２Ｋ北海道ゆめぴりか（ＪＡＮなし）,1183944,なし,2,単袋,【シール】上質,17.6,0,sticker,active,シール大【食味王・脱酸】２Ｋ北海道ゆめぴりか（ＪＡＮなし）,100,,北海道,ゆめぴりか,（ＪＡＮなし）,
b08410cc-e785-4e41-b732-654841b141a7,シール大【食味王・脱酸】２Ｋ宮城ひとめぼれ（ＪＡＮなし）,1183947,なし,2,単袋,【シール】上質,17.6,0,sticker,active,シール大【食味王・脱酸】２Ｋ宮城ひとめぼれ（ＪＡＮなし）,100,,,ひとめぼれ,（ＪＡＮなし）,
486c81ec-c091-4a9c-940d-95638d1b15db,シール大【食味王・脱酸】２Ｋ島根仁多米こしひかり（ＪＡＮなし）,1183945,なし,2,単袋,【シール】上質,17.6,0,sticker,active,シール大【食味王・脱酸】２Ｋ島根仁多米こしひかり（ＪＡＮなし）,100,,,こしひかり,（ＪＡＮなし）,
9875ca66-f6b1-4a6a-81c8-e5dd2ac2dd73,シール大【食味王・脱酸素剤】２Ｋ石川県こしひかり・能登の棚田米（ＪＡＮなし）,1225613,なし,2,単袋,【シール】上質,17.6,0,sticker,active,シール大【食味王・脱酸素剤】２Ｋ石川県こしひかり・能登の棚田米（ＪＡＮなし）,100,,石川県,こしひかり,能登の棚田米（ＪＡＮなし）,
d9540181-0151-45ae-9c6a-43fec8d4b588,シール大【食味王】２Ｋ北海道ななつぼし（ＪＡＮなし）,1087919,なし,2,単袋,【シール】上質,17.6,0,sticker,active,シール大【食味王】２Ｋ北海道ななつぼし（ＪＡＮなし）,100,,北海道,ななつぼし,（ＪＡＮなし）,
ee33a0d6-14b9-4dfc-a048-219cb91859bb,シール大【食味王】２Ｋ岐阜県こしひかり・飛騨高山産（ＪＡＮなし）,1109366,なし,2,単袋,【シール】上質,17.6,0,sticker,active,シール大【食味王】２Ｋ岐阜県こしひかり・飛騨高山産（ＪＡＮなし）,100,,飛騨高山,こしひかり,飛騨高山産（ＪＡＮなし）,
825e3f7b-450d-4f87-9b5f-4356a253a1d8,シール大【食味王】２Ｋ新潟県魚沼こしひかり（ＪＡＮなし）,1086772,なし,2,単袋,【シール】上質,17.6,0,sticker,active,シール大【食味王】２Ｋ新潟県魚沼こしひかり（ＪＡＮなし）,100,,新潟県,こしひかり,（ＪＡＮなし）,
bac48ef2-072f-4d8e-957c-da84ebaba68a,シール大【高度クリーン】５Ｋハッピーバースデイ北海道ゆめぴりか,1227420,なし,5,単袋,【シール】上質,17.6,0,sticker,active,シール大【高度クリーン】５Ｋハッピーバースデイ北海道ゆめぴりか,100,,北海道,ゆめぴりか,,
72c326ed-ef96-44cb-80c8-00641c72c439,シール小【ガイドライン】特栽米・コウノトリ兵庫県但馬こし（１・２Ｋ兼用）,1034118,なし,1,単袋,【シール】上質,8.8,0,sticker,active,シール小【ガイドライン】特栽米・コウノトリ兵庫県但馬こし（１・２Ｋ兼用）,100,,兵庫県,,,
1e1662b3-98bd-4efb-bd6a-6d2f5dd964f2,シール小【表示】５Ｋ北海道ななつぼし,1175836,なし,5,単袋,【シール】上質,8.8,0,sticker,active,シール小【表示】５Ｋ北海道ななつぼし,100,,北海道,ななつぼし,,
8c80ec4b-1d91-4ba0-9e70-eb9ca1b1a19f,シール小【表示】５Ｋ岐阜高山市コシヒカリ,1168071,なし,5,単袋,【シール】上質,8.8,0,sticker,active,シール小【表示】５Ｋ岐阜高山市コシヒカリ,100,,岐阜県高山市,コシヒカリ,,
291c6dfb-1db5-4abe-92fc-fde083859fd7,三重こしひかり,1169744,4.99E+12,10,RＺ,【ＳＦマットポリ】,63,0,bag,active,●◆別注10K SFMﾎﾟﾘDH【ＮＢ】三重こしひかりRZ,100,【ＮＢ】,三重県,こしひかり,,
46a3eb18-5912-48c5-84eb-44e5693cdb8d,三重県こしひかり,1039986,4.99E+12,10,RＺ,【ポリ】透明,49.5,0,bag,active,●◆別注10K MﾎﾟﾘDH【通常】三重こしひかりRZ,100,,三重県,こしひかり,,
263b8b8b-0584-407a-98f8-d707518e673d,三重県こしひかり（ロピア用）,1229994,4.56E+12,10,RＺ,【ポリ】透明,43.5,0,bag,active,●（ロゴ無）別注10KﾎﾟﾘDH三重県こしひかり（ロピア用）RZ,100,,三重県,こしひかり,（ロピア用）,
29ca3f6b-02ac-4b6a-8a70-cd17bb4dca2e,伊賀の米・三重伊賀こしひかり,1132090,4.99E+12,5,RＺ,【ポリポリ】,81,0,bag,active,●（ロゴ無）5KﾎﾟﾘﾎﾟﾘDH伊賀の米・三重伊賀こしひかりRZＳＰ黄昏筆柄,100,,三重県伊賀,こしひかり,,
45bba722-d196-43e7-ac08-9518f64b6000,伊賀の米・三重県伊賀こしひかり,1155931,4.99E+12,10,RＺ,【ポリポリ】,95,0,bag,active,●（ロゴ無）10KﾎﾟﾘﾎﾟﾘDH伊賀の米・三重県伊賀こしひかりRZＳＰ黄昏筆柄,100,,三重県伊賀,こしひかり,,
30247bb4-472b-4677-9e70-6d789c3f83ed,佐賀県産ひよくもち,1012298,4.99E+12,1.4,RＺ,【ポリ】透明,40,0,bag,active,別注1.4KﾎﾟﾘDH佐賀ひよくもち（赤飯）（サイズ220巾）RZ,100,,佐賀県,ひよくもち,（赤飯）,
5f2c9833-237e-466f-b043-b9016306b330,備蓄米精米,1249543,4.99E+12,10,RＺ,【ポリ】乳白Ｕ－0.5,36,0,bag,active,【新版】別注10K乳白ﾎﾟﾘDH【万代】国内産備蓄米RZ,100,,国内産,備蓄米,,
b50228c1-24a8-4618-9ca4-0802b057085a,兵庫丹波こしひかり,1158106,4.99E+12,2,RＺ,【ＳＦマットポリ】,51.5,0,bag,active,●◆別注2K SFMﾎﾟﾘDH兵庫丹波こしひかりRZ,100,,兵庫県丹波,こしひかり,,
f1f85ece-6d19-4b63-a994-236d669f470c,別注１０Ｋﾎﾟﾘ　青森県つがるロマンＲ,63675,4.99E+12,10,RＺ,【ポリ】透明,49.5,0,bag,inactive,●◆別注10KﾎﾟﾘDH【楮紙柄】青森つがるロマン（キリン堂）RZ,100,,青森県,つがるロマン,（キリン堂）,
3a8e8eed-a3a6-4829-acb5-941984e4b88e,別注５ＫＳＦＭポリ　富山こしひかりＲ,1149927,4.99E+12,5,RＺ,【ＳＦマットポリ】,58,0,bag,active,別注5K SFMﾎﾟﾘDH【ＮＢ】富山こしひかりRZ,100,【ＮＢ】,富山県,こしひかり,,
8e5ea431-835e-4674-a9e5-36c64cdcd4de,別注５ＫＳＦＭポリ　岩手ひとめぼれＲ,1154393,4.99E+12,5,RＺ,【ＳＦマットポリ】,57,0,bag,active,●（ロゴ無）別注5K SFMﾎﾟﾘDHＴＳ岩手ひとめぼれRZ,100,,岩手県,ひとめぼれ,,
8d15878a-4bba-43d6-8e1a-204a6bae93cd,別注５ＫＳＦＭポリ　新潟こしひかりＲ,1149928,4.99E+12,5,RＺ,【ＳＦマットポリ】,58,0,bag,active,別注5K SFMﾎﾟﾘDH【ＮＢ】新潟こしひかりRZ,100,【ＮＢ】,新潟県,こしひかり,,
2abaa89e-ddcb-4623-971a-12eab48d0ce7,別注５ＫＳＦＭポリ　新米新潟こしひかりＲ,1164796,4.99E+12,5,RＺ,【ＳＦマットポリ】,58,0,new_rice,active,別注5K SFMﾎﾟﾘDH【ＮＢ・新米】新潟こしひかりRZ,100,【ＮＢ・新米】,新潟県,こしひかり,,
5249bc68-0f20-4a37-a67a-ff5818b9a7aa,別注５ＫＳＦＭポリ　滋賀こしひかりＲ,1149930,4.99E+12,5,RＺ,【ＳＦマットポリ】,58,0,bag,active,●◆別注5K SFMﾎﾟﾘDH【ＮＢ】滋賀こしひかりRZ,100,【ＮＢ】,滋賀県,こしひかり,,
283ce496-f518-4575-a303-2eb5a3586c77,別注５ＫＳＦＭポリ　福井こしひかりＲ,1149929,4.99E+12,5,RＺ,【ＳＦマットポリ】,58,0,bag,active,●◆別注5K SFMﾎﾟﾘDH【ＮＢ】福井こしひかりRZ,100,【ＮＢ】,福井県,こしひかり,,
e0013cf6-fb23-4f98-a612-cef84291a8a8,別注５ＫＳＦＭポリ　秋田あきたこまちＲ,1149925,4.99E+12,5,RＺ,【ＳＦマットポリ】,58,0,bag,active,●◆別注5K SFMﾎﾟﾘDH【ＮＢ】秋田あきたこまちRZ,100,【ＮＢ】,秋田県,あきたこまち,,
25c42b8c-5e03-4558-8731-20e3ce1fe4ea,別注５ＫＳＦＭポリ　香川こしひかりＲ,1149931,4.99E+12,5,RＡ,【ＳＦマットポリ】,58,0,bag,active,別注5K SFMﾎﾟﾘDH【ＮＢ】香川こしひかりRA,100,【ＮＢ・新米】,香川県,こしひかり,,
b0d6c41a-ed2e-4ab5-b107-8251d40060ef,別注５ＫSFMﾎﾟﾘ宮城ひとめぼれＲ,1166319,4.99E+12,5,RＺ,【ＳＦマットポリ】,58,0,bag,active,別注5K SFMﾎﾟﾘDH【ＮＢ】宮城ひとめぼれRZ,100,【ＮＢ・新米】,宮城県,ひとめぼれ,,
315f1199-e454-4381-86cd-73ca93fc0b38,別注５ＫSFMﾎﾟﾘ新米三重あきたこまちＲ,1162327,4.99E+12,5,RＺ,【ＳＦマットポリ】,58,0,new_rice,active,別注5K SFMﾎﾟﾘDH【ＮＢ・新米】三重あきたこまちRZ,100,【ＮＢ・新米】,三重県,あきたこまち,,
564cf7d0-0720-44c5-8135-b971e928653b,別注５ＫSFMﾎﾟﾘ新米三重こしひかりＲ,1166010,4.99E+12,5,RＺ,【ＳＦマットポリ】,58,0,new_rice,active,別注5K SFMﾎﾟﾘDH【ＮＢ・新米】三重こしひかりRZ,100,【ＮＢ・新米】,三重県,こしひかり,,
28f9cb8b-7985-42f4-a8f7-025dae801764,別注５ＫSFMﾎﾟﾘ新米福井こしひかりＲ,1163041,4.99E+12,5,RＺ,【ＳＦマットポリ】,52.8,0,new_rice,active,●◆別注5K SFMﾎﾟﾘDH【ＮＢ・新米】福井こしひかりRZ,100,【ＮＢ・新米】,福井県,こしひかり,,
b1ba5555-799f-4a69-b32d-f954a28a1bbf,別注５ＫSFMﾎﾟﾘ新米秋田あきたこまちＲ,1164798,4.99E+12,5,RＺ,【ＳＦマットポリ】,52.8,0,new_rice,active,●◆別注5K SFMﾎﾟﾘDH【ＮＢ・新米】秋田あきたこまちRZ,100,【ＮＢ・新米】,秋田県,あきたこまち,,
6774f5c3-d8e8-4a0d-a4ba-80b96a9d0823,別注５ＫＳＦポリ　ささの金星Ｒ,1084704,4.99E+12,5,RＺ,【ＳＦポリ】,49.5,0,bag,active,●◆別注5K SFﾎﾟﾘDHささの金星・宮城東北１９４号RZ,100,,宮城県,ささの金星,（万代）,
0a84440a-e0ea-48a6-ae05-ff06c3352d95,別注５ＫSFポリ　山形県産はえぬきＲ,1018293,4.99E+12,5,RＺ,【ＳＦポリ】,54,0,bag,active,●◆別注5K SFﾎﾟﾘDH山形はえぬきRZ,100,,山形県,はえぬき,,
ebef9452-6b8a-4f05-b6c2-05779108f8c9,別注５ＫSFポリ　徳島県産こしひかりＲ,1060495,4.99E+12,5,RＺ,【ＳＦポリ】,55.5,0,bag,active,【厚み変更】別注5K SFﾎﾟﾘDH【通常】徳島こしひかりRZ,100,,徳島県,こしひかり,,
a030a23e-dfc7-422a-a72c-5c5888a3866f,別注５ＫＳＦポリ　福井県産こしひかりＲ,1106953,4.99E+12,5,RＺ,【ＳＦポリ】,52.5,0,bag,active,【構成・仕様変更】別注5K SFﾎﾟﾘDH【黒・通常】福井こしひかりRZ,100,,福井県,こしひかり,【黒】,
2d19e11d-33e4-4b3f-9db7-193eca585866,別注５ＫSFポリ　香川県産おいでまいＲ,1046533,4.99E+12,5,RＺ,【ＳＦポリ】,54,0,bag,active,●◆別注5K SFﾎﾟﾘDH香川おいでまい（マルナカ様）RZ,100,,香川県,おいでまい,,
4592fb51-5a61-461c-9622-62eb6f5811c2,別注５ＫSFポリお家ごはんＲ,1139903,4.99E+12,5,RＺ,【ＳＦポリ】,55.5,0,bag,active,別注5K SFﾎﾟﾘDHお家ごはんRZ,100,,国内産,お家ごはん,,
b4dc3ba9-33ae-457c-9f76-71f9b8cd7412,別注５ＫSFﾎﾟﾘ新米徳島県産こしひかりＲ,1189957,4.99E+12,5,RＺ,【ＳＦポリ】,52,0,new_rice,active,●◆別注5K SFﾎﾟﾘDH【新米】徳島こしひかりRZ,100,【新米】,徳島県,こしひかり,,
01921365-7c99-48cc-89d8-d9f76f54d7c8,別注５ＫSFﾏｯﾄﾎﾟﾘ北海道ゆめぴりかR,1197305,-,5,RＺ,【ＳＦマットポリ】,54,0,bag,active,●【構成変更】（ロゴ無）別注【スギ薬局】ＴＳ5K SFMﾎﾟﾘDH北海道ゆめぴりかRZ,100,,北海道,ゆめぴりか,（スギ薬局）,
bf801992-f31a-4205-9936-b6d4785a3530,別注５Ｋｿﾌﾄｸﾗﾌﾄ特栽宮城ひとめぼれＲ,1202104,4.99E+12,5,RＺ,【ソフクラ】窓有り,135,0,bag,active,●◆別注5KｿﾌｸﾗS【万代ＰＢ・特栽】宮城ひとめぼれRZ,100,【特栽】,宮城県,ひとめぼれ,（万代）,
b16a7637-f361-4605-9f21-b3e389e96186,別注５Ｋポリ　アメリカ産カルローズＲ,1090502,4.99E+12,5,RＺ,【ポリ】透明,45,0,bag,active,別注5KﾎﾟﾘDH【Ｚ】アメリカ産カルローズRZ,100,,アメリカ,カルローズ,【Z】,
f4390fcf-7781-4dfe-8657-6b52bf67dd3b,別注５Ｋポリ　アメリカ産カルローズＲ,1244055,4.99E+12,5,RＡ,【ポリ】透明,45,0,bag,active,別注5KﾎﾟﾘDH【Ａ】アメリカ産カルローズRA,100,,アメリカ,カルローズ,【A】,
27711cf1-d3a4-4248-b95a-fb40381263af,別注５Ｋポリ　備蓄米精米,1249596,4.99E+12,5,RＺ,【ポリ】乳白Ｕ－0.8,39,0,bag,active,別注5KﾎﾟﾘDH【万代】備蓄米精米RZ,100,,国内産,備蓄米精米,（万代）,
2d933f3e-7f01-4a3a-bb91-08e25fb0c663,別注５Ｋポリ　国内産ブレンドＲ,1226862,4.56E+12,5,RＺ,【ポリ】透明,39.5,0,bag,active,●（ロゴ無）別注5KﾎﾟﾘDH国内産【ブレンド】（ロピア用）RZ,100,,国内産,ブレンド,（ロピア）,
282fe7f9-f4c4-4cc9-bd82-ae78e6e2df8a,別注５Ｋポリ　国内産ブレンドＲ,1230622,4.99E+12,5,RＺ,【ポリ】透明,41.5,0,bag,active,●◆別注5KﾎﾟﾘDH【万代】国内産ブレンドRZ,100,,国内産,ブレンド,（万代）,
c4c61eb6-9937-4729-823c-86be53551a1b,別注５Ｋポリ　得々ごはんＲ,1007369,4.99E+12,5,RＺ,【ポリ】透明,39,0,bag,active,別注5KﾎﾟﾘDH得々ごはん（販売者：日之出物産）RZ,100,,国内産,得々ごはん,（販売者：日之出物産）,
3366169c-6ee9-4d8a-9fcc-e63921f6623c,別注５Ｋポリ　新潟こしひかりＲ,1129939,4.99E+12,5,RＺ,【ポリ】透明,44,0,bag,active,別注5KﾎﾟﾘDH【通常・コーヨー様】新潟こしひかりRZ,100,,新潟県,こしひかり,（コーヨー）,
833dc64d-dd87-4c15-8b38-85ba663cfc85,別注５Ｋポリ　新潟こしひかりＲ,1124421,4.99E+12,5,RＺ,【ポリ】透明,41.5,0,bag,active,●◆別注5KﾎﾟﾘDH【新米・コーヨー様】新潟こしひかりRZ,100,,新潟県,こしひかり,（コーヨー）,
3ec4faec-c79b-470d-9545-56b73160ae22,別注５Ｋポリ　栃木県産あさひの夢R,1144084,4.99E+12,5,RＡ,【ポリ】透明,41.5,0,bag,active,別注5KﾎﾟﾘDH【Ｒ】栃木あさひの夢RA,100,,栃木県,あさひの夢,,
ede8c70d-2678-41bf-bfb7-d269611de9b7,別注５Ｋポリ　栃木県産こしひかりR,1174528,4.99E+12,5,RＺ,【ポリ】透明,44,0,bag,active,別注5KﾎﾟﾘDH栃木こしひかりRZ,100,,栃木県,こしひかり,,
708eb8a3-71d9-4a05-a0bc-43c5f65d3f60,別注５ｋポリ　無洗米アメリカ産カルローズ,1223058,4.99E+12,5,RＺ,【ポリ】透明,41.5,0,bag,active,●【新版】（ロゴ無）5KﾎﾟﾘDH無洗米・アメリカ産カルローズRZ米粒青,100,【無洗米】三重,アメリカ,カルローズ,,
efc4eff0-68ff-44ae-b043-9034d14e72d5,別注５Ｋポリ　青森県つがるロマンＲ,63676,4.99E+12,5,RＺ,【ポリ】透明,42.5,0,bag,active,●◆別注5KﾎﾟﾘDH【楮紙柄】青森つがるロマン（キリン堂様）RZ,100,,青森県,青森つがるロマン,（キリン堂）,
b4761003-2a06-4763-87b9-b4bca52386af,別注５Ｋポリ　青森県産まっしぐらR,81019,4.99E+12,5,RＺ,【ポリ】透明,41.5,0,bag,active,別注5KﾎﾟﾘDH青森まっしぐらRZ,100,,青森県,まっしぐら,,
4b5ee3a3-ebc4-442b-b458-adab88148914,別注５Ｋポリあきたこまち複数原料米,1221173,4.99E+12,5,RＺ,【ポリ】透明,41.5,0,bag,active,●◆別注5KﾎﾟﾘDHあきたこまち複数原料米RZ,100,,国内産,あきたこまち,複数原料米,
9d8488ae-738e-4a07-ba80-1156029f0f98,別注５Ｋﾎﾟﾘﾎﾟﾘ宮城ひとめぼれＲ,1202001,4.99E+12,5,RＺ,【ポリポリ】,69,0,bag,active,別注5KﾎﾟﾘﾎﾟﾘDHＴＳ【万代ＰＢ】ＪＡ加美よつば・宮城ひとめぼれRZ,100,,ＪＡ加美よつば宮城県,ひとめぼれ,（万代）,
bfc9e8ac-4e21-4998-bfe9-2fda13b74296,別注５Ｋポリ新米宮崎県産こしひかりＲ,1226391,4.99E+12,5,RＺ,【ポリ】透明,41.5,0,new_rice,active,●◆別注5KﾎﾟﾘDH【新米】宮崎県産こしひかりRZ,100,【新米】,宮崎県,こしひかり,,
5df5470e-9409-4a6c-8d24-278145fa5258,別注５Ｋポリ無洗米おくさま印Ｒ,1132556,4.99E+12,5,RＺ,【ポリ】透明,39,0,bag,active,別注5KﾎﾟﾘDH【無洗米】おくさま印「洗うなんてもういいんだよ」RZ,100,【無洗米】三重,国内産,洗うなんてもういいんだよ,,
042bfeb6-90da-4900-b3dd-d71babe57d49,別注５Ｋポリ無洗米青森県まっしぐらＲ,1256900,4.56E+12,5,RＺ,【ポリ】透明,41.5,0,bag,active,【新版】（ロゴ無）別注5KﾎﾟﾘDH無洗米青森県まっしぐら（販売者：銀シャリ）RZ,100,【無洗米】三重,青森県,まっしぐら,（銀シャリ）,
83016bf3-85da-4231-8b75-c35adf8d94a0,別注５Ｋポリ青森県まっしぐらＲ,1259412,4.56E+12,5,RＺ,【ポリ】透明,41.5,0,bag,active,【新版】（ロゴ無）別注5KﾎﾟﾘDH青森県まっしぐら（販売者：銀シャリ）RZ,100,,青森県,まっしぐら,（銀シャリ）,
6c191c94-a836-48a8-8aa6-a77f8ddcf363,別注５Ｋマットポリ　三重県産こしひかりＲ,1039988,4.99E+12,5,RＺ,【ポリ】透明,42,0,bag,active,●◆別注5K MﾎﾟﾘDH【通常】三重こしひかりRZ,100,,三重県,こしひかり,,
4103e66a-f203-46bc-a357-eb89166b2c07,別注５Ｋマットポリ　新潟こしいぶきRZ,77656,4.99E+12,5,RＺ,【ポリ】透明,44,0,bag,active,別注5K MﾎﾟﾘDH新潟こしいぶきRZ,100,,新潟県,こしいぶき,,
f5c49641-56ec-40e9-af02-2a6859c6fc00,別注５Ｋﾏｯﾄﾎﾟﾘﾎﾟﾘ兵庫丹波こしひかりR,1145760,4.99E+12,5,RＺ,【マットポリポリ】,71.5,0,bag,active,●◆別注5K MﾎﾟﾘﾎﾟﾘDH兵庫丹波こしひかりRZ,100,,兵庫県丹波,こしひかり,,
e5af3f87-ee2f-4194-9da3-2ce5a5a316b5,別注５Ｋﾏｯﾄﾎﾟﾘ無洗米三重県産こしＲ,1214304,4.99E+12,5,RＺ,【ポリ】透明,42,0,bag,active,●◆別注5K MﾎﾟﾘDH【無洗米】三重こしひかりRZ (JA鈴鹿指定）,100,【無洗米】三重,JA鈴鹿三重県,こしひかり,,
ab8997a5-4fcf-486e-80e4-54197009fadb,別注５Ｋﾏｯﾄﾎﾟﾘ無洗米滋賀県こしひかりＲ,1114868,4.99E+12,5,RＺ,【ポリ】透明,46.5,0,bag,active,別注5K MﾎﾟﾘDH【無洗米】滋賀こしひかりRZ,100,【無洗米】,滋賀県,こしひかり,,
6e6ba0ee-1d3b-4fdc-8eba-3bf2b9f54f9c,別注５Ｋマットポリ近江の米こしひかりＲ,1121699,4.99E+12,5,RＺ,【ポリ】透明,44,0,bag,active,別注5K MﾎﾟﾘDH【新米】近江の米・滋賀こしひかり（マンダイ様）RZ,100,,滋賀県,こしひかり,（万代）,
f95b66b9-e236-41f6-8bd7-53250f9c6100,別注５Ｋマットポリ近江の米こしひかりRZ,75432,4.99E+12,5,RＺ,【ポリ】透明,44,0,bag,active,別注5K MﾎﾟﾘDH【通常】近江の米・滋賀こしひかり（マンダイ様）RZ,100,,滋賀県,こしひかり,（万代）,
8038c0f7-e755-4340-b336-ea4b7e89e5b4,別注シール【家紋】５Ｋ無洗米・新潟県魚沼こしひかり（一括表示あり）,1022510,なし,5,単袋,【シール】上質,58.5,0,sticker,active,別注シール【家紋】５Ｋ無洗米・新潟県魚沼こしひかり（一括表示あり）,100,,新潟県,こしひかり,（一括表示あり）,
b2629048-b788-4e55-951a-b7b408a2242d,別注のぼり（大）おくさま印,1200722,なし,,その他,,1200,0,other,inactive,△別注のぼり大　おくさま印（ポリエステル・防炎加工なし・左耳仕様）,100,,,,,
8036afdf-3dc4-483e-b94c-c22ba75d7189,北海道ななつぼし（米匠庵）,1246748,4.99E+12,3,RＺ,【ＳＦマットポリ】,73,0,bag,active,●【新版】3K SFMﾎﾟﾘDH北海道ななつぼし（米匠庵）RZＳＰ雲竜柄無地,100,,北海道,ななつぼし,（米匠庵）,
fccd962e-6d3d-49df-84fa-03f35ec4ef32,北海道ゆめぴりか,1241993,4.99E+12,1,RＺ,【真空ラミ】,88.5,0,bag,active,●別注1K真空ラミ北海道ゆめぴりか（海外輸出用）RZ,100,,北海道,ゆめぴりか,（海外輸出用）,
05abc501-6ea2-452a-807c-cd3f6a3e8959,北海道産ななつぼし,1118986,4.99E+12,2,RＺ,【ＳＦポリ】,54.5,0,bag,active,別注2K SFﾎﾟﾘDH北海道ななつぼしRZ,100,,北海道,ななつぼし,,
499720f0-d2d3-4b9c-905a-f031359693c8,国内産こしひかりRZＳＰ,1007250,4.99E+12,8,RＺ,【マットポリポリ】,95,0,bag,active,●◆8K MﾎﾟﾘﾎﾟﾘDH国内産こしひかりRZＳＰ和紙調無地,100,,国内産,こしひかり,ＳＰ,
8735a126-d901-4a34-84e1-889b01fdb2f0,国内産ブレンド（ロピア用）,1226861,4.56E+12,10,RＺ,【ポリ】透明,43.5,0,bag,active,●（ロゴ無）別注10KﾎﾟﾘDH国内産【ブレンド】（ロピア用）RZ,100,,国内産,ブレンド,（ロピア）,
bc375697-a454-47b8-bb88-80c1c8cd25df,国産備蓄米,1250213,4.99E+12,10,RＺ,【ＳＦポリ】,50,0,bag,active,別注10K SFﾎﾟﾘDH国内産備蓄米RZ,100,,国内産,備蓄米,,
006c613d-e26d-42c9-87bf-e486527a0dd5,宮城ひとめぼれ,1158413,4.99E+12,10,RＺ,【ＳＦマットポリ】,71.5,0,bag,active,●別注10K SFMﾎﾟﾘDH【ＮＢ】宮城ひとめぼれRZ,100,【ＮＢ】,宮城県,ひとめぼれ,,
a28e49bb-9ab4-4afe-8534-fb40ec25bdf4,宮城県金のいぶき,1208259,4.99E+12,5,単袋,【真空ラミ】,57,0,bag,active,●◆別注5K真空ラミ【単】宮城県金のいぶき,100,,宮城県,金のいぶき,,
c5de1234-9c62-4f11-948a-63bba4e0985a,廃棄版代　受1226861 校正間違い分,1227498,,10,その他,,0,0,other,inactive,廃棄版代 受1226861 校正間違い分,100,,,,,
d9b27e87-7373-4980-a24b-30e94a2e2c5d,廃棄版代　受1226862 校正間違い分,1227497,,5,その他,,0,0,other,inactive,廃棄版代 受1226862 校正間違い分,100,,,,,
560c0103-b27a-4c3b-84ce-1209ad54bda2,徳島県産こしひかり,1001035,4.99E+12,10,RＺ,【ＳＦポリ】,62.5,0,bag,active,●◆別注10K SFﾎﾟﾘDH【通常】徳島こしひかりRZ,100,,徳島県,こしひかり,,
a5fd997e-7fbd-431e-8da3-cdc9f91ea5f3,扇・もち米,1191907,4.99E+12,1,RＺ,【ＳＦポリ】,56,0,bag,active,別注1K SFﾎﾟﾘDH扇・もち米（日之出物産様）RZ,100,,国内産,もち米,（扇）（日之出物産様）,
2313b38d-850d-4cea-8743-748e9e150fda,新潟こしひかり,1151684,4.99E+12,10,RＺ,【ＳＦマットポリ】,63,0,bag,active,●◆別注10K SFMﾎﾟﾘDH【ＮＢ】新潟こしひかりRZ,100,【ＮＢ】,新潟,こしひかり,,
a35493d4-2cb1-43c5-a9cd-6d0342830b57,新潟こしひかり（コーヨー）,1125442,4.99E+12,2,RＺ,【ポリ】透明,40,0,bag,active,別注2KﾎﾟﾘDH【コーヨー様】新潟こしひかりRZ,100,,新潟,こしひかり,（コーヨー）,
9ecb6d47-c75e-47a2-b6ba-3fa97db9592a,新潟県こしひかり,78658,4.99E+12,1,RＺ,【ラミ】,69.5,0,bag,active,別注1KﾗﾐDH新潟県こしひかり（米匠庵）RZ,100,,新潟県,こしひかり,（米匠庵）,
d070ceb1-79fa-44e7-aa03-cdf5871b9b86,新米三重こしひかりＲ,1163055,4.99E+12,10,RＺ,【ＳＦマットポリ】,63,0,new_rice,active,●◆別注10K SFMﾎﾟﾘDH【ＮＢ・新米】三重こしひかりRZ,100,【ＮＢ・新米】,三重県,こしひかり,,
72ffa4d9-7fc3-4c56-bbfe-0f17dbbf3c36,滋賀県産羽二重糯,1089491,4.99E+12,1.4,RＺ,【ポリ】透明,37.5,0,bag,active,●◆別注1.4KﾎﾟﾘDH滋賀羽二重糯(220MM幅）RZ,100,,滋賀県,羽二重糯,,
f88f6b20-8367-4871-af60-ec73f7de0653,無洗米・アメリカ産カルローズ,1222876,4.99E+12,5,RＺ,【ポリ】透明,80,0,bag,active,●（ロゴ無）5KﾎﾟﾘDH無洗米・アメリカ産カルローズRZＳＰ米粒青,100,,アメリカ,,,
9145896f-f7de-4edc-81a3-0e558d6938b4,焼き餅・もち米（店名）,57354,4.99E+12,5,RＺ,【ラミ】,116,10,bag,active,5KﾗﾐDH焼き餅・もち米（店名）RZ,100,,国内産,もち米,（焼き餅）,
1558ef0a-c778-4fc8-9922-64e08c6f225c,熊本県産ひよくもち,80912,4.99E+12,1.4,RＺ,【ポリ】透明,40,0,bag,active,別注1.4KﾎﾟﾘDH熊本ひよくもちRZ,100,,熊本県,,,
fdb4a8a3-a883-4c1b-9123-82542e89f5ea,特栽米・ＪＡ京都やましろ産ひのひかり,1166883,-,5,RＺ,【ＳＦマットポリ】,93,0,bag,active,（ロゴ無）5K SFMﾎﾟﾘDH特栽米・ＪＡ京都やましろ産ひのひかりRAＳＰ雲竜柄無地,100,,ＪＡ京都やましろ,ひのひかり,,
5c77d8fe-58ba-4a31-998d-1d0730cd4b89,特栽米・金澤さんの魚沼産こしひかり,1167149,-,5,RＺ,【ポリポリ】,129,0,bag,active,5KﾎﾟﾘﾎﾟﾘDH特栽米・金澤さんの魚沼産こしひかりRZＳＰ雲竜柄無地,100,,金澤さんの魚沼,こしひかり,,
2836ad69-19d0-4443-8041-436f8073334f,特栽米・金澤さんの魚沼産こしひかりRZＳＰ,1167146,-,2,RＺ,【ポリポリ】,128,0,bag,active,2KﾎﾟﾘﾎﾟﾘDH特栽米・金澤さんの魚沼産こしひかりRZＳＰ雲竜柄無地,100,,金澤さんの魚沼,こしひかり,ＳＰ,
b81560f4-b8d2-477d-8423-14c5467dda12,白い宝石（米匠庵）,1246138,-,2,RＺ,【マットポリポリ】,165.5,0,bag,active,●【新版】2K MﾎﾟﾘﾎﾟﾘDH白い宝石（米匠庵）RZＳＰ丸窓雲竜柄無地,100,,国内産,白い宝石,SP（米匠庵）,
e52d9c1a-ea44-4b42-8d85-d8aa96f0329e,石川県産ゆめみづほ,1088880,4.99E+12,5,RＺ,【ポリ】透明,44,0,bag,active,別注5KﾎﾟﾘDH石川ゆめみづほRZ,100,,石川県,ゆめみづほ,,https://spdkgrsshwgqpvrezpdf.supabase.co/storage/v1/object/public/product-images/products/1769162689864_5w0qc4.webp
989ecdf1-720a-4445-ad7a-825dac389ddd,福井こしひかり,1149924,4.99E+12,10,RＺ,【ＳＦマットポリ】,63,0,bag,active,●◆別注10K SFMﾎﾟﾘDH【ＮＢ】福井こしひかりRZ,100,【NB】,福井県,こしひかり,,
bc3748cf-3bf5-430c-8544-6e14ef2db17c,福井県坂井市産華越前,1251234,-,2,RＺ,【ＳＦマットポリ】,56,0,bag,active,【新版】別注2K SFMﾎﾟﾘDH福井県坂井市産華越前RZ,100,,福井県坂井市,,,
c3996773-f70c-4df7-8737-07cee17c9a76,福岡のお米夢つくし（店名）,1243189,-,5,単袋,【ＳＦポリ】,41,16,bag,active,●【改版】5K SFﾎﾟﾘDH福岡のお米夢つくし（店名）,100,,福岡県,夢つくし,（店名）,
a273835a-4081-4124-9f20-b178b996e859,秋田あきたこまち,1149923,4.99E+12,10,RＺ,【ＳＦマットポリ】,63,0,bag,active,●◆別注10K SFMﾎﾟﾘDH【ＮＢ】秋田あきたこまちRZ,100,【NB】,秋田県,あきたこまち,,
af70ab45-dcaf-4cc0-86c6-927775f36096,秋田県産サキホコレ（店名）,1235632,4.99E+12,5,RＺ,【ラミ】マット,123.5,10,bag,active,●【新版】5K MﾗﾐDH 秋田県産サキホコレTS（店名）RZ,100,,秋田県,サキホコレ,（店名）,
923f6650-7bbc-432a-a6f0-fcb6a283baea,稔りの輝き,76186,4.99E+12,10,RＺ,【ポリ】透明,47,0,bag,active,●◆別注10KﾎﾟﾘDH笑顔の食卓・稔りの輝きRZ,100,,国内産,稔りの輝き,,
96333f49-b9f2-436a-8087-6699c9c796a2,近江の米こしひかり（万代）,1121695,4.99E+12,10,RＺ,【ポリ】透明,44,0,bag,active,●◆別注10K MﾎﾟﾘDH【新米】近江の米・滋賀こしひかり（マンダイ様）RZ,100,【新米】,滋賀県,こしひかり,（万代）,
6efcec00-90b9-474a-a34f-00b26ba01784,近江の米こしひかり（万代）,1127583,4.99E+12,10,RＺ,【ポリ】透明,48.5,0,bag,active,別注10K MﾎﾟﾘDH【通常】近江の米・滋賀こしひかり（マンダイ様）RZ,100,,滋賀県,こしひかり,（万代）,
ccdbfa4a-6797-4fc3-a9dc-e280c89bd135,金賞健康米京都丹後こしひかり,1212018,4.99E+12,3,RＺ,【ＳＦポリ】,82.6,0,bag,active,【新版】別注3K SFMﾎﾟﾘDH金賞健康米京都丹後コシRZ,100,,京都,こしひかり,,
b82bdf21-7ab9-4783-a28b-c43be647d55b,青森県産はれわたり,1257390,4.99E+12,10,RＺ,【ポリ】透明,54,0,bag,active,【新版】10K ﾎﾟﾘDHハクチョウ・青森県産はれわたりRZ,100,,青森県,はれわたり,,
96ba9e3d-141a-4900-a3d0-a2239746cdef,青森県産はれわたり,1231463,4.99E+12,5,RＺ,【ＳＦマットポリ】,64,0,bag,active,別注5K SFMﾎﾟﾘDHウミネコ・青森県産はれわたりRZ,100,,青森県,はれわたり,,
1aa16c5e-b5e6-4672-b290-f7b3c61391b9,青森県産はれわたり,1226199,4.99E+12,2,RＺ,【ＳＦマットポリ】,59,0,bag,active,2K SFMﾎﾟﾘDHシギ・青森県産はれわたりRZ,100,,青森県,はれわたり,,
b2908f0f-e611-4aa1-b60b-34268346da8c,青森県産はれわたり（店名）,1212148,4.99E+12,2,RＺ,【ＳＦマットポリ】,70,20,bag,active,●◆2K SFMﾎﾟﾘDHシギ・青森県産はれわたり（店名）RZ,100,,青森県,はれわたり,（店名）,
a02b5a5d-d602-4107-98bf-83959b331437,青森県産はれわたり（店名）,1235509,4.99E+12,5,RＺ,【ＳＦマットポリ】,87.5,10,bag,active,●5K SFMﾎﾟﾘDHウミネコ・青森県産はれわたり（店名）RZ,0,,青森県,はれわたり,（店名）,
493850fc-b346-45cd-8da2-0db4e2b1742b,青森県産まっしぐら,81422,4.99E+12,10,RＺ,【ポリ】透明,44.5,0,bag,active,●◆別注10KﾎﾟﾘDH青森まっしぐらRZ,100,,青森県,まっしぐら,,
